year,day,radn,avet,maxt,mint,rain,rh,wind_speed
2016,185,15.991,19.1,24.6,16.3,15.6,84,2.5
2016,186,5.062,12.7,16.4,11.3,29.2,93,4.1
2016,187,5.886,12.4,14.8,10.8,10.7,97,4.3
2016,188,7.013,13.6,15.4,12.1,4.3,95,4.9
2016,189,12.031,16.1,20.5,13.2,0.3,87,3.1
2016,190,19.926000000000002,17.1,22.3,13.7,0.3,80,2.7
2016,191,11.318,15.8,18.3,12.9,0.2,85,2.8
2016,192,15.131,15.9,20.4,12.7,3.7,84,1.0
2016,193,20.707,18.2,23.5,11.6,0.0,71,1.1
2016,194,24.498,17.0,22.4,12.3,1.3,83,1.9
2016,195,14.188,18.1,21.5,14.7,5.3,82,2.6
2016,196,20.686,17.4,22.2,13.9,3.2,87,1.8
2016,197,17.989,18.0,22.4,12.9,8.7,80,1.8
2016,198,11.866,17.4,20.6,15.2,3.1,85,3.4
2016,199,13.316,17.2,19.8,15.0,1.8,84,3.5
2016,200,18.601,17.0,20.8,12.8,0.1,74,1.8
2016,201,21.071,15.9,20.2,12.0,0.0,66,3.1
2016,202,29.041,17.1,22.4,10.5,0.0,66,3.6
2016,203,14.368,15.3,19.6,13.4,0.0,77,3.3
2016,204,12.1,17.5,22.8,14.2,0.0,84,2.7
2016,205,11.462,17.7,19.9,15.8,0.0,89,1.4
2016,206,12.528,19.4,23.1,17.0,0.0,84,1.0
2016,207,18.432000000000002,20.9,25.4,16.4,0.3,83,1.3
2016,208,20.642,21.7,27.4,15.3,0.0,75,1.0
2016,209,18.536,21.3,25.8,16.8,0.0,75,2.2
2016,210,33.25,19.4,23.6,14.0,0.0,69,2.0
2016,211,25.952,19.6,23.1,15.9,0.1,73,1.4
2016,212,24.52,18.5,24.6,13.4,4.3,83,1.2
2016,213,13.032,17.9,22.8,14.5,4.5,88,1.8
2016,214,22.417,18.7,22.8,14.6,0.0,73,2.7
2016,215,16.258,16.9,20.6,14.4,4.2,78,2.5
2016,216,18.67,16.6,20.5,11.4,0.1,77,2.0
2016,217,14.371,15.3,20.5,11.3,7.7,84,2.2
2016,218,11.826,17.5,20.9,14.5,0.0,83,3.6
2016,219,15.97,17.5,22.4,13.1,0.5,87,1.4
2016,220,21.157,17.6,22.0,12.8,3.6,84,1.2
2016,221,20.12,18.4,22.6,12.1,2.6,77,2.5
2016,222,13.349,17.3,20.2,15.1,1.3,66,5.0
2016,223,16.34,15.9,19.4,13.4,4.3,69,4.6
2016,224,12.463000000000001,13.4,16.2,11.8,8.1,88,2.2
2016,225,12.211,11.7,15.4,9.1,4.6,81,3.9
2016,226,3.5820000000000003,12.9,14.7,9.3,4.0,91,3.6
2016,227,21.953,14.5,17.7,10.2,2.7,82,1.7
2016,228,11.804,16.4,19.9,13.4,6.5,88,3.0
2016,229,1.84,13.6,16.8,13.1,6.0,93,5.3
2016,230,15.386000000000001,15.6,19.9,12.7,0.1,79,3.6
2016,231,11.293000000000001,14.6,18.4,11.4,8.8,85,2.9
2016,232,9.986,17.3,21.1,14.1,0.2,85,2.7
2016,233,6.757000000000001,15.7,19.9,13.1,2.8,91,1.5
2016,234,17.586000000000002,17.2,21.4,11.8,0.1,82,1.5
2016,235,12.463000000000001,18.9,23.8,17.0,4.7,84,2.6
2016,236,14.951,16.4,21.0,14.0,2.8,86,2.6
2016,237,8.237,11.8,15.4,10.3,0.0,86,2.7
2016,238,6.692,12.5,14.8,10.0,0.1,90,2.5
2016,239,15.8,15.0,18.8,11.4,0.3,74,2.0
2016,240,10.699,14.9,19.4,10.9,0.5,77,7.9
2016,241,17.42,8.7,13.2,6.6,0.0,69,3.3
2016,242,8.741,9.8,16.0,2.0,0.0,81,1.9
2016,243,16.376,11.3,16.5,6.1,6.0,81,1.9
2016,244,20.43,12.8,17.4,8.6,0.0,77,2.6
2016,245,5.371,14.8,19.1,11.4,1.2,86,3.0
2016,246,9.414,13.3,17.3,10.7,0.1,89,1.9
2016,247,14.699,11.8,16.5,6.2,0.1,79,1.6
2016,248,10.058,12.6,16.3,8.9,0.0,78,2.5
2016,249,12.316,10.6,15.7,6.0,0.0,76,2.4
2016,250,21.946,9.3,13.8,3.3,0.3,73,2.3
2016,251,8.622,14.2,18.1,10.9,1.2,81,4.7
2016,252,8.15,12.2,15.8,10.0,0.0,74,4.3
2016,253,12.532,9.6,13.9,4.4,2.3,87,0.9
2016,254,3.91,11.3,13.2,9.3,0.0,91,1.4
2016,255,3.838,14.3,17.0,11.6,0.0,93,1.8
2016,256,11.336,12.7,16.3,9.9,0.0,71,5.7
2016,257,13.226,10.5,15.0,7.1,0.0,76,2.7
2016,258,12.989,8.9,15.3,2.8,0.2,83,1.2
2016,259,4.878,11.7,16.9,8.1,0.0,81,3.3
2016,260,9.036,9.6,12.5,7.0,0.0,79,2.7
2016,261,5.166,7.5,10.9,5.4,0.0,80,1.7
2016,262,11.934000000000001,6.4,11.8,3.0,0.0,81,1.4
2016,263,15.718,7.5,13.4,2.3,0.0,84,2.2
2016,264,9.68,8.2,13.6,5.2,0.0,88,1.4
2016,265,11.171,6.4,11.1,2.8,0.0,87,1.6
2016,266,5.018,8.2,10.6,5.4,0.0,81,2.5
2016,267,5.13,7.6,8.9,6.9,3.1,87,3.6
2016,268,2.228,8.2,9.4,7.5,0.8,93,3.0
2016,269,2.29,9.6,11.6,6.5,1.0,95,1.9
2016,270,3.067,12.6,14.5,10.5,0.0,95,0.8
2016,271,4.266,12.2,16.0,8.3,0.0,94,1.4
2016,272,5.242,11.8,13.1,10.8,9.5,89,3.1
2016,273,5.206,11.2,12.6,9.6,11.5,94,2.8
2016,274,3.125,11.0,12.9,9.6,2.3,82,4.8
2016,275,5.7170000000000005,9.9,12.3,7.3,0.0,79,5.3
2016,276,8.456,7.4,11.7,4.6,0.0,80,3.4
2016,277,7.625,4.6,10.0,1.2,0.0,80,2.6
2016,278,7.29,4.0,7.7,1.9,0.0,79,4.2
2016,279,7.985,2.5,8.5,-1.0,0.0,86,2.1
2016,280,4.525,2.3,7.1,-1.7,0.0,94,1.4
2016,281,7.7940000000000005,4.5,8.3,1.9,0.0,87,3.3
2016,282,3.211,4.8,7.0,3.4,0.0,82,3.8
2016,283,5.0440000000000005,5.0,7.8,2.7,0.0,79,2.7
2016,284,3.654,4.6,7.9,0.6,0.0,82,2.0
2016,285,2.408,-0.6,2.4,-1.8,0.0,99,1.9
2016,286,2.873,0.1,1.6,-2.1,0.0,96,2.6
2016,287,2.437,3.3,4.3,1.4,0.0,93,2.4
2016,288,2.077,5.0,6.2,2.5,0.0,92,1.9
2016,289,1.577,5.1,6.0,3.9,0.2,92,1.4
2016,290,1.595,3.7,4.9,1.6,0.2,93,3.2
2016,291,1.246,4.2,5.2,3.3,0.0,82,3.6
2016,292,1.166,4.4,5.2,3.1,0.0,74,1.9
2016,293,2.758,3.7,4.8,2.5,0.0,74,1.6
2016,294,2.5340000000000003,2.6,3.5,1.6,0.0,75,1.3
2016,295,2.7760000000000002,1.8,3.0,0.9,0.2,85,1.5
2016,296,1.249,1.9,2.4,0.8,0.0,83,3.5
2016,297,1.2710000000000001,2.3,3.5,0.8,0.0,76,4.1
2016,298,2.477,3.3,4.4,2.4,0.0,82,2.4
2016,299,1.76,-0.1,3.7,-1.2,2.1,91,3.1
2016,300,0.886,-0.4,0.1,-1.4,0.3,94,2.3
2016,301,0.835,1.4,3.4,-1.6,5.0,97,2.1
2016,302,0.482,6.6,7.5,3.3,7.8,98,1.9
2016,303,0.58,4.2,6.5,2.7,5.7,97,3.6
2016,304,0.738,1.6,3.2,1.2,0.0,95,3.1
2016,305,1.6420000000000001,0.3,1.2,-0.8,0.0,92,2.5
2016,306,0.994,-0.2,0.7,-1.0,0.1,89,1.2
2016,307,1.948,-1.3,0.6,-2.8,0.0,91,2.7
2016,308,2.088,-3.1,-1.5,-4.7,0.0,93,2.6
2016,309,1.67,-5.0,-2.5,-5.9,0.0,89,2.8
2016,310,2.203,-6.4,-4.8,-8.0,0.0,88,2.7
2016,311,1.5050000000000001,-9.0,-6.0,-9.9,0.0,88,3.0
2016,312,0.878,-9.8,-8.5,-10.7,0.0,85,3.9
2016,313,2.138,-8.2,-5.4,-10.4,0.0,80,4.5
2016,314,0.756,-7.9,-3.9,-9.4,0.0,81,3.3
2016,315,0.796,-7.9,-6.8,-9.3,5.8,86,3.3
2016,316,1.591,-9.8,-8.3,-13.9,0.0,89,1.8
2016,317,0.554,-4.5,-3.4,-9.9,0.0,87,2.7
2016,318,0.68,-5.5,-4.1,-6.8,0.0,94,2.3
2016,319,0.5760000000000001,-5.9,-3.3,-9.5,0.0,95,1.3
2016,320,0.756,-1.9,-1.0,-3.8,2.6,92,3.1
2016,321,0.338,0.1,0.6,-1.0,0.6,96,2.2
2016,322,0.392,1.0,1.5,0.2,1.8,96,2.6
2016,323,0.378,1.7,2.4,0.4,3.4,95,3.0
2016,324,0.677,3.4,4.4,0.8,0.8,90,4.1
2016,325,0.216,2.2,4.0,0.9,5.5,96,1.9
2016,326,0.126,3.5,5.9,1.5,3.9,96,2.8
2016,327,0.13,4.8,6.6,3.3,0.7,98,3.2
2016,328,0.10400000000000001,3.4,4.0,2.3,1.0,98,3.4
2016,329,0.148,2.5,4.7,-1.1,8.5,97,3.3
2016,330,0.605,-2.0,-0.4,-3.0,10.2,89,2.5
2016,331,0.155,-1.9,-0.6,-2.8,2.6,97,2.9
2016,332,0.295,-6.3,-1.8,-7.2,0.4,87,4.7
2016,333,0.601,-8.8,-6.6,-10.7,0.7,89,3.3
2016,334,0.914,-12.4,-5.7,-16.4,4.6,90,2.1
2016,335,0.23800000000000002,-0.6,0.9,-6.3,1.3,95,3.5
2016,336,0.58,-2.1,0.1,-3.9,0.0,92,3.2
2016,337,0.34600000000000003,-4.5,-2.5,-6.3,1.4,93,2.8
2016,338,0.59,-10.1,-4.4,-12.7,0.0,88,3.5
2016,339,0.418,-13.0,-7.0,-17.8,16.5,90,2.2
2016,340,0.23800000000000002,-6.6,1.3,-10.3,0.0,88,4.6
2016,341,0.515,-16.5,-9.0,-19.6,1.1,87,2.0
2016,342,0.23,-1.0,1.7,-18.0,0.0,92,5.7
2016,343,0.14,-0.7,0.2,-1.4,0.0,98,2.4
2016,344,0.342,-2.7,0.5,-6.5,0.0,85,5.0
2016,345,0.443,-7.0,-5.3,-7.7,0.0,84,4.3
2016,346,0.324,-10.2,-6.7,-13.0,0.0,91,2.8
2016,347,0.216,-9.5,-6.2,-14.4,0.4,93,1.7
2016,348,0.20500000000000002,-8.3,-5.1,-13.5,0.0,93,1.8
2016,349,0.724,-6.9,-4.9,-9.5,0.1,94,1.9
2016,350,0.169,-3.5,-2.3,-7.8,0.8,97,1.6
2016,351,0.241,-2.7,-1.0,-4.3,0.0,98,1.6
2016,352,0.191,-2.0,-0.2,-4.2,0.0,99,2.3
2016,353,0.209,-0.9,0.1,-1.9,0.5,98,2.9
2016,354,0.122,-0.4,0.0,-2.1,0.9,99,1.3
2016,355,0.155,1.0,2.9,-0.4,0.0,100,2.9
2016,356,0.28400000000000003,0.7,1.4,-1.4,0.0,95,3.7
2016,357,0.08600000000000001,2.1,3.0,0.6,0.2,88,4.1
2016,358,0.187,0.6,2.4,-1.2,0.0,91,3.2
2016,359,0.108,-0.2,2.7,-2.9,4.7,93,4.1
2016,360,0.133,0.5,2.5,0.1,6.0,96,3.3
2016,361,0.08600000000000001,-0.5,0.6,-1.5,4.4,96,3.2
2016,362,0.133,-3.1,-0.3,-6.0,1.6,92,3.8
2016,363,0.378,-5.3,-3.3,-7.2,0.7,93,3.3
2016,364,0.198,-0.1,1.1,-5.7,0.0,92,4.5
2016,365,0.08600000000000001,0.9,1.9,-1.2,2.5,97,3.9
2016,366,0.396,2.4,3.8,1.7,0.0,76,6.8
2017,1,0.184,-1.8,2.6,-3.5,0.0,87,3.4
2017,2,0.443,-8.1,-3.3,-11.0,0.0,84,2.1
2017,3,0.40700000000000003,-12.9,-8.7,-14.1,0.0,86,2.5
2017,4,0.504,-20.3,-13.8,-22.8,0.0,80,3.6
2017,5,0.41000000000000003,-22.5,-19.4,-25.9,0.0,79,2.3
2017,6,0.551,-23.9,-19.1,-28.7,1.1,80,1.7
2017,7,0.122,-6.9,-3.0,-19.2,2.7,90,4.0
2017,8,0.536,-2.4,-1.4,-5.1,0.1,94,3.7
2017,9,0.58,-1.5,0.6,-3.3,0.4,91,3.8
2017,10,0.184,0.6,2.1,-2.3,0.0,94,3.8
2017,11,0.18,-0.8,1.1,-2.2,0.0,81,5.0
2017,12,0.28800000000000003,-5.0,-2.0,-7.0,1.9,81,3.4
2017,13,0.335,-4.7,-3.1,-5.7,6.7,93,2.2
2017,14,0.184,-0.9,-0.1,-4.0,1.1,97,1.6
2017,15,0.709,-5.3,-0.8,-7.5,0.0,93,2.0
2017,16,0.428,-7.9,-6.4,-9.3,1.6,95,1.4
2017,17,0.7020000000000001,-5.1,-3.8,-8.2,0.4,94,2.4
2017,18,0.58,-0.5,0.3,-4.3,0.2,95,4.1
2017,19,0.706,1.6,4.5,-0.1,1.1,77,7.2
2017,20,2.434,-4.3,1.6,-6.2,0.1,77,5.1
2017,21,1.199,-6.0,-3.0,-9.7,0.4,89,2.8
2017,22,0.443,-3.4,-2.7,-9.8,0.7,98,1.4
2017,23,0.443,-0.3,0.8,-3.1,2.9,97,3.7
2017,24,2.308,-13.1,0.4,-19.0,0.0,89,1.9
2017,25,2.462,-11.8,-4.9,-21.6,0.4,86,3.2
2017,26,0.99,0.5,3.4,-5.2,0.0,96,4.0
2017,27,1.26,-2.9,0.2,-4.5,0.0,100,1.1
2017,28,1.328,-1.3,1.8,-5.4,0.4,96,2.3
2017,29,1.1380000000000001,-0.6,0.7,-2.6,0.3,92,3.7
2017,30,0.511,0.8,1.7,-0.4,0.2,90,4.6
2017,31,1.033,-3.9,0.8,-7.5,0.0,95,2.5
2017,32,1.7570000000000001,-6.6,-3.9,-11.8,0.0,93,2.2
2017,33,0.558,-4.5,-2.1,-11.7,2.6,96,2.0
2017,34,0.5720000000000001,-1.9,-1.2,-2.0,0.1,99,1.4
2017,35,0.727,-2.3,-1.6,-2.3,0.1,96,2.1
2017,36,2.063,-5.5,-2.3,-8.2,0.0,86,3.1
2017,37,2.869,-15.0,-5.7,-20.1,0.0,85,1.3
2017,38,2.783,-18.9,-11.9,-24.8,0.0,83,1.3
2017,39,2.981,-14.9,-9.4,-19.2,0.0,88,1.4
2017,40,3.071,-13.9,-9.9,-18.6,0.0,89,1.4
2017,41,3.103,-14.4,-6.7,-18.0,0.0,89,1.1
2017,42,2.185,-10.4,-8.2,-15.6,0.0,91,1.6
2017,43,1.465,-4.7,-2.4,-8.2,0.5,92,3.5
2017,44,3.463,3.0,5.2,-2.5,0.0,82,5.9
2017,45,7.218,2.1,6.1,-1.2,0.0,69,4.2
2017,46,5.306,-4.8,0.1,-10.0,0.1,87,1.3
2017,47,1.206,-1.6,-0.7,-2.8,0.1,89,1.9
2017,48,2.009,-0.5,1.4,-2.0,0.0,91,3.4
2017,49,3.712,-1.9,1.3,-5.0,2.0,75,4.5
2017,50,0.922,-2.1,0.3,-5.1,7.5,98,1.9
2017,51,2.628,-5.7,-0.9,-8.1,0.0,88,2.3
2017,52,4.126,-10.3,-5.3,-13.4,0.0,89,2.2
2017,53,4.111,-10.0,-8.0,-17.4,2.4,89,2.6
2017,54,1.483,-6.4,-5.1,-8.4,6.7,91,3.9
2017,55,2.61,-7.9,-5.7,-10.6,2.0,91,2.0
2017,56,3.5060000000000002,-9.6,-4.9,-15.3,0.0,87,3.8
2017,57,5.864,-9.3,-3.6,-15.7,0.0,88,1.4
2017,58,6.872,-9.0,-5.2,-12.8,4.1,89,1.4
2017,59,1.336,-2.1,0.7,-9.3,6.2,98,2.3
2017,60,3.5500000000000003,1.5,3.0,0.4,1.3,92,2.9
2017,61,2.758,0.6,2.1,-0.9,2.1,97,1.7
2017,62,3.452,-1.9,1.2,-3.8,0.6,93,2.6
2017,63,5.8500000000000005,-6.9,-3.3,-8.9,0.0,89,2.9
2017,64,8.874,-8.3,-3.2,-12.6,0.0,87,2.8
2017,65,7.981,-10.7,-4.6,-15.9,0.0,92,1.4
2017,66,8.492,-9.8,-2.1,-21.5,0.1,71,3.3
2017,67,3.0020000000000002,-1.9,1.0,-6.1,1.0,86,3.6
2017,68,5.252,-0.3,1.2,-2.3,1.8,83,3.3
2017,69,3.6790000000000003,1.0,2.9,-0.4,1.2,93,2.4
2017,70,8.525,-1.1,3.2,-6.8,0.0,82,3.3
2017,71,7.412,0.2,4.7,-5.3,0.0,82,3.4
2017,72,7.268,1.6,5.9,-3.5,0.0,86,1.5
2017,73,3.074,0.5,2.4,0.0,6.9,92,3.4
2017,74,6.5520000000000005,2.2,3.7,0.1,0.1,88,4.7
2017,75,10.307,1.4,5.1,-1.2,2.0,73,4.1
2017,76,2.333,0.9,2.2,-2.0,3.3,92,3.9
2017,77,3.1430000000000002,0.8,2.6,-0.4,0.3,92,2.8
2017,78,10.487,-4.7,0.4,-8.0,0.0,87,1.2
2017,79,7.801,-5.2,0.8,-12.3,0.0,90,1.2
2017,80,5.022,-1.2,3.2,-7.4,0.7,91,2.5
2017,81,5.072,2.2,4.3,0.3,1.6,87,3.8
2017,82,11.506,1.2,3.4,-1.2,0.1,65,6.0
2017,83,12.492,-1.7,1.7,-4.6,0.4,63,4.5
2017,84,5.033,-1.2,1.9,-6.2,0.3,91,1.2
2017,85,6.948,2.7,7.9,-3.4,0.0,73,6.2
2017,86,11.981,0.3,4.3,-0.8,7.7,79,4.7
2017,87,11.664,-3.1,-0.1,-4.8,1.1,81,3.7
2017,88,12.197000000000001,-6.1,-0.6,-12.4,0.1,66,2.6
2017,89,15.318,-5.9,0.9,-14.2,0.0,62,1.9
2017,90,12.287,-3.2,2.9,-7.7,0.0,65,0.8
2017,91,9.698,0.0,3.5,-7.2,5.5,86,2.2
2017,92,7.099,0.1,1.7,-0.6,2.2,94,2.5
2017,93,14.911,-0.7,1.6,-2.9,0.0,86,2.2
2017,94,13.19,3.9,8.2,-0.1,0.0,82,4.5
2017,95,7.369,3.0,7.2,0.8,0.1,86,2.2
2017,96,18.889,1.7,7.2,-4.3,0.3,78,2.1
2017,97,13.662,1.1,3.8,-0.4,0.1,86,2.6
2017,98,15.203000000000001,-1.4,2.2,-3.6,0.0,80,2.7
2017,99,4.151,0.8,3.9,-5.7,3.8,94,1.9
2017,100,9.857,4.6,6.3,2.7,2.3,93,2.6
2017,101,4.928,0.3,6.6,-1.4,1.6,91,5.7
2017,102,16.826,-2.1,1.6,-5.4,0.0,73,2.3
2017,103,17.528,-4.1,-1.3,-6.3,0.0,70,3.2
2017,104,15.253,-6.2,-2.2,-10.3,0.0,71,3.1
2017,105,15.188,-6.6,-3.2,-11.0,0.0,75,2.6
2017,106,24.516000000000002,-2.6,2.1,-7.3,0.0,64,3.4
2017,107,20.434,-3.0,0.8,-6.4,0.0,60,3.0
2017,108,27.893,-3.5,2.8,-10.4,0.0,59,1.0
2017,109,18.054000000000002,-1.0,5.0,-9.4,0.0,55,2.0
2017,110,18.007,0.9,6.0,-5.4,1.2,70,3.8
2017,111,15.811,2.9,5.7,0.6,0.4,83,3.1
2017,112,19.904,1.1,6.2,-3.1,2.0,88,1.7
2017,113,15.563,1.0,5.6,-1.9,1.9,88,1.9
2017,114,17.935,2.3,7.0,-2.5,0.0,73,1.5
2017,115,15.700000000000001,2.0,5.2,-2.0,5.6,77,4.0
2017,116,12.672,1.2,3.3,0.2,3.1,96,4.2
2017,117,13.439,0.9,2.9,0.0,0.4,92,5.2
2017,118,14.234,1.2,3.2,-0.7,0.0,85,2.1
2017,119,25.564,1.3,4.8,-2.7,4.2,69,4.8
2017,120,7.042,2.1,5.6,-0.4,1.1,90,3.7
2017,121,23.562,4.2,8.8,-0.4,0.0,59,4.9
2017,122,20.092,4.6,9.2,-0.1,0.0,62,4.3
2017,123,19.926000000000002,4.0,7.6,0.1,0.0,60,3.7
2017,124,23.929000000000002,5.1,10.0,-0.1,0.0,55,2.9
2017,125,21.056,8.8,15.0,2.0,0.1,66,4.3
2017,126,22.601,4.4,12.4,2.8,0.0,59,4.6
2017,127,22.046,1.5,5.5,-1.9,0.0,60,2.5
2017,128,22.352,0.5,2.9,-2.7,0.0,57,3.2
2017,129,18.227,0.6,4.5,-2.4,1.8,78,2.4
2017,130,20.722,-0.5,3.1,-2.7,0.6,76,2.7
2017,131,22.381,-0.1,3.0,-3.5,0.0,70,2.4
2017,132,21.244,1.0,5.1,-3.3,0.0,63,3.5
2017,133,19.987000000000002,3.4,8.4,-3.1,0.0,53,1.9
2017,134,13.093,5.5,11.3,-1.4,0.1,73,2.1
2017,135,10.912,0.7,6.7,-0.8,0.0,77,4.9
2017,136,26.078,5.8,12.1,-1.8,0.0,53,1.6
2017,137,11.056000000000001,7.4,11.7,1.6,1.0,71,2.6
2017,138,11.304,10.2,13.5,6.4,5.3,80,0.9
2017,139,11.876,13.0,18.5,8.6,0.0,86,3.3
2017,140,12.01,9.6,12.8,8.1,0.0,79,3.5
2017,141,22.399,8.5,14.7,0.5,0.0,65,1.4
2017,142,27.425,11.6,18.6,2.7,0.0,59,1.5
2017,143,25.016000000000002,12.0,17.2,4.6,0.0,55,3.5
2017,144,26.399,12.4,18.0,3.7,0.0,52,1.7
2017,145,25.524,12.0,16.9,9.1,0.0,66,3.0
2017,146,25.6,9.9,13.9,7.3,0.0,50,4.2
2017,147,12.078,5.5,9.7,0.1,0.0,66,1.1
2017,148,6.793,5.6,7.7,1.1,12.3,93,1.7
2017,149,15.728,6.8,9.8,4.5,0.0,76,3.7
2017,150,18.173000000000002,8.4,13.9,2.1,2.5,59,2.6
2017,151,11.092,7.5,11.6,6.2,1.5,77,3.8
2017,152,20.794,3.9,7.8,1.8,1.1,71,5.3
2017,153,10.22,4.3,7.3,2.0,1.1,77,6.0
2017,154,15.89,4.3,6.5,2.7,0.0,64,4.5
2017,155,21.186,8.5,14.4,1.6,0.0,57,3.9
2017,156,20.218,11.7,16.4,5.5,0.0,59,2.2
2017,157,14.044,13.4,18.8,9.4,0.1,69,1.4
2017,158,25.632,16.6,22.7,7.3,0.0,54,1.5
2017,159,32.684,15.8,21.6,10.6,0.0,54,2.5
2017,160,39.622,14.9,20.4,8.0,0.0,64,1.7
2017,161,19.89,17.1,22.0,10.2,3.7,65,1.4
2017,162,21.683,16.5,20.7,12.7,0.0,71,1.9
2017,163,20.336000000000002,14.6,18.1,11.9,1.5,87,2.4
2017,164,8.672,10.4,15.8,8.0,0.0,74,4.1
2017,165,28.242,12.3,17.6,5.6,0.0,55,3.2
2017,166,30.157,14.8,20.8,6.5,0.0,53,1.2
2017,167,26.334,17.6,22.9,9.7,0.0,59,1.2
2017,168,22.266000000000002,18.3,23.5,12.8,1.9,64,1.8
2017,169,8.831,15.5,19.5,12.7,2.1,77,3.6
2017,170,26.150000000000002,15.4,18.2,12.8,0.2,55,5.3
2017,171,20.498,12.8,17.1,9.1,0.2,72,2.5
2017,172,22.378,11.1,14.1,8.1,0.2,67,3.5
2017,173,19.22,9.0,12.2,6.2,0.0,70,3.9
2017,174,13.208,11.1,15.9,7.5,0.0,73,3.3
2017,175,23.666,12.7,16.3,6.5,0.4,66,1.4
2017,176,10.26,12.5,16.0,10.3,12.0,86,1.7
2017,177,20.268,11.3,15.8,9.6,11.9,89,1.8
2017,178,23.332,12.7,16.9,8.7,2.2,81,3.1
2017,179,14.018,13.2,16.0,11.0,0.0,75,3.7
2017,180,18.227,14.0,19.6,9.1,0.0,74,1.5
2017,181,28.148,16.7,21.2,9.4,0.0,54,3.4
2017,182,28.008,16.4,21.3,10.5,0.0,52,3.2
2017,183,20.653,18.0,22.5,12.0,0.0,57,1.5
2017,184,23.634,18.7,24.9,10.6,1.1,60,1.8
2017,185,19.904,16.5,21.1,12.2,2.8,75,1.6
2017,186,21.085,11.7,15.6,9.4,0.0,86,3.6
2017,187,5.861,8.7,11.4,7.2,0.0,83,4.3
2017,188,24.296,12.4,17.6,7.3,0.0,64,3.3
2017,189,29.992,13.2,18.8,6.5,0.0,63,1.8
2017,190,24.041,15.2,22.1,7.7,0.0,69,1.2
2017,191,22.766000000000002,18.5,24.0,10.2,0.0,63,1.7
2017,192,25.740000000000002,19.1,23.2,13.7,11.1,70,1.9
2017,193,2.873,16.4,18.9,14.7,26.6,97,2.0
2017,194,21.481,17.8,22.1,14.2,5.8,81,1.7
2017,195,18.029,14.1,18.1,11.6,0.3,82,2.6
2017,196,33.595,13.2,18.0,8.0,0.0,75,2.2
2017,197,27.011,16.2,22.6,6.8,0.0,64,1.1
2017,198,21.776,15.2,20.4,10.1,5.5,81,1.8
2017,199,21.830000000000002,13.5,18.8,11.7,6.8,79,3.2
2017,200,19.879,11.8,15.7,8.1,1.6,85,1.4
2017,201,19.656,13.3,18.6,8.7,5.1,82,2.3
2017,202,20.016000000000002,13.6,18.5,10.1,1.2,84,1.5
2017,203,17.802,14.5,19.1,11.1,0.1,82,1.6
2017,204,14.936,13.5,18.4,10.5,5.7,87,3.0
2017,205,9.677,14.2,16.8,12.4,9.8,87,3.3
2017,206,3.244,12.6,14.8,12.4,3.6,95,2.3
2017,207,17.521,14.9,18.8,12.4,0.0,88,1.6
2017,208,19.847,16.5,20.7,13.5,0.0,85,1.4
2017,209,16.402,17.2,21.6,11.8,0.0,84,1.8
2017,210,26.708000000000002,18.3,21.8,15.7,0.0,75,2.5
2017,211,21.506,18.1,23.2,11.1,0.1,73,1.7
2017,212,21.028,18.4,22.3,13.2,5.7,78,1.6
2017,213,19.692,18.2,22.5,14.0,0.5,73,3.2
2017,214,10.915000000000001,15.2,19.5,11.2,6.8,90,1.2
2017,215,20.171,15.3,19.7,12.2,0.2,80,2.1
2017,216,20.023,15.0,21.6,8.7,4.2,79,2.4
2017,217,14.994,15.7,18.9,13.4,1.1,92,2.0
2017,218,8.622,14.0,15.8,13.2,0.4,92,3.4
2017,219,9.709,12.7,15.4,11.1,0.0,86,3.2
2017,220,17.287,15.0,19.6,8.7,0.1,76,1.9
2017,221,24.574,17.6,21.9,13.3,0.0,77,2.1
2017,222,11.984,16.5,21.0,12.8,4.4,85,2.7
2017,223,28.451,17.8,21.8,13.1,0.0,70,3.2
2017,224,22.788,18.6,22.5,14.1,8.0,81,2.1
2017,225,11.506,16.9,20.3,13.9,0.7,86,4.1
2017,226,18.86,14.8,18.4,10.7,0.0,67,4.8
2017,227,22.59,15.2,19.7,8.8,0.0,67,2.4
2017,228,14.425,16.9,20.7,12.0,0.1,70,2.3
2017,229,12.024000000000001,17.9,21.6,14.7,0.0,77,1.7
2017,230,10.120000000000001,16.9,19.9,13.7,3.9,91,1.1
2017,231,15.016,17.5,20.6,14.8,6.7,92,1.9
2017,232,25.927,17.4,19.9,15.1,0.0,73,3.6
2017,233,15.502,15.7,19.2,12.1,0.1,80,1.8
2017,234,12.870000000000001,13.9,17.6,10.3,1.2,91,1.4
2017,235,9.504,12.9,14.0,12.0,0.1,90,2.9
2017,236,6.563,11.5,13.2,10.2,0.0,85,3.7
2017,237,11.596,9.8,13.2,7.5,3.5,79,4.0
2017,238,8.777000000000001,8.9,10.9,5.7,2.2,88,3.3
2017,239,11.614,9.8,12.6,7.7,0.0,82,3.1
2017,240,9.133000000000001,9.8,12.1,7.8,0.0,78,1.7
2017,241,16.718,11.9,16.2,4.9,4.6,87,3.0
2017,242,4.374,14.6,17.4,13.6,6.2,92,3.2
2017,243,17.122,13.4,15.8,9.5,5.5,91,1.8
2017,244,5.656,13.7,17.3,11.7,0.3,90,4.4
2017,245,19.062,11.1,16.4,7.1,0.0,86,1.1
2017,246,11.027000000000001,10.9,16.9,6.5,0.0,82,1.2
2017,247,15.019,8.3,13.9,4.6,0.0,78,2.8
2017,248,15.052,8.3,14.5,3.6,0.0,79,2.3
2017,249,14.839,9.3,15.2,3.0,0.0,77,2.5
2017,250,3.24,8.9,11.6,6.8,10.3,89,3.1
2017,251,2.347,10.4,12.4,9.3,6.7,94,2.6
2017,252,6.894,11.4,14.4,9.5,9.9,90,2.6
2017,253,1.076,13.1,14.0,10.9,24.7,97,3.1
2017,254,10.93,12.3,16.1,10.4,0.0,92,1.7
2017,255,2.365,10.8,14.3,7.5,15.1,97,2.9
2017,256,9.972,12.1,15.2,10.2,0.1,91,1.1
2017,257,5.0440000000000005,10.9,13.5,8.4,0.1,96,1.5
2017,258,6.206,8.5,11.3,6.5,0.6,87,3.4
2017,259,5.3100000000000005,7.7,10.3,5.5,1.1,87,1.9
2017,260,4.468,9.2,11.2,7.2,0.8,92,1.7
2017,261,2.25,8.5,10.3,7.5,0.0,89,2.7
2017,262,2.117,6.4,8.4,5.6,2.9,88,4.1
2017,263,1.5230000000000001,6.4,7.5,5.4,1.9,93,3.1
2017,264,3.899,8.2,9.8,7.0,0.0,89,3.0
2017,265,4.666,9.0,11.5,6.6,0.0,87,2.5
2017,266,5.1770000000000005,9.2,12.2,7.1,0.0,90,2.0
2017,267,9.778,9.6,16.9,5.4,0.0,91,0.9
2017,268,8.348,8.9,16.5,5.3,0.2,95,0.6
2017,269,7.556,8.0,10.4,5.5,0.0,100,0.8
2017,270,4.54,7.6,8.8,6.7,0.1,100,0.8
2017,271,3.226,6.6,8.2,5.1,0.0,100,1.5
2017,272,4.853,7.2,8.3,5.5,0.0,92,1.8
2017,273,2.9050000000000002,5.9,7.0,4.8,0.6,94,0.9
2017,274,2.524,6.2,7.4,4.9,0.3,94,1.3
2017,275,2.426,7.5,8.9,6.3,0.3,87,1.9
2017,276,1.926,7.0,7.8,6.1,6.4,88,2.8
2017,277,0.99,8.7,10.4,6.9,9.4,96,2.4
2017,278,3.726,7.9,10.0,6.8,0.2,91,1.6
2017,279,2.21,7.6,10.0,6.3,0.1,93,2.5
2017,280,3.305,5.7,8.8,4.4,0.0,94,1.4
2017,281,1.674,6.9,8.6,3.0,1.1,91,2.8
2017,282,3.064,8.0,9.6,7.4,10.1,89,4.1
2017,283,0.641,7.7,9.1,6.5,2.5,93,4.0
2017,284,3.611,5.9,7.6,4.4,0.0,89,3.1
2017,285,1.487,5.6,7.8,4.6,0.2,93,1.8
2017,286,3.1390000000000002,6.6,8.4,4.8,0.6,89,2.6
2017,287,2.074,5.5,6.9,4.1,6.8,90,1.2
2017,288,2.75,4.6,6.4,3.3,0.5,91,1.8
2017,289,0.396,7.2,10.4,4.7,4.1,90,4.6
2017,290,5.144,6.0,7.9,4.7,0.0,81,4.4
2017,291,1.951,4.8,5.8,3.3,0.2,89,3.4
2017,292,1.829,2.6,4.7,1.9,0.0,89,2.9
2017,293,2.3000000000000003,0.9,2.6,-0.8,0.0,90,1.6
2017,294,4.45,-1.2,1.4,-4.2,0.0,94,2.5
2017,295,1.465,0.7,2.4,-0.9,0.0,90,2.9
2017,296,2.588,-0.7,1.9,-3.1,0.0,90,2.2
2017,297,1.541,-0.1,0.9,-1.7,0.0,88,1.7
2017,298,2.099,0.3,1.9,-1.5,0.0,78,2.9
2017,299,2.5420000000000003,-0.5,0.7,-2.3,0.0,74,2.9
2017,300,1.534,-0.6,1.0,-2.2,1.1,79,2.1
2017,301,1.008,0.9,1.9,-0.5,3.1,95,2.8
2017,302,1.307,0.3,1.9,0.3,1.5,94,3.6
2017,303,1.559,-0.8,0.6,-1.3,0.1,91,5.0
2017,304,2.437,-4.6,-1.3,-6.5,0.0,90,3.0
2017,305,3.269,-6.4,-3.2,-9.0,0.0,91,2.1
2017,306,2.844,-6.6,-3.3,-11.5,1.5,94,1.5
2017,307,1.35,0.4,2.1,-4.4,0.2,94,2.7
2017,308,0.706,3.0,4.0,0.8,0.1,94,2.4
2017,309,0.277,4.7,6.3,2.6,2.0,97,1.8
2017,310,0.281,5.6,7.3,4.2,2.4,92,3.6
2017,311,2.29,1.7,4.3,0.2,0.0,85,3.9
2017,312,0.9,3.4,4.9,0.5,0.0,88,2.5
2017,313,0.468,4.3,5.8,2.4,2.6,88,3.4
2017,314,0.5690000000000001,3.9,5.5,1.9,0.1,91,2.5
2017,315,0.529,2.8,4.1,1.8,5.4,95,2.5
2017,316,0.49,2.1,3.7,1.3,6.2,93,3.5
2017,317,0.6880000000000001,0.5,1.8,0.4,1.6,97,2.2
2017,318,0.598,0.2,0.8,0.0,1.3,94,2.8
2017,319,0.9430000000000001,-0.4,0.6,-0.8,0.1,93,1.6
2017,320,0.54,-0.7,0.3,-3.7,0.4,95,2.4
2017,321,0.151,1.7,3.3,0.1,3.4,92,3.7
2017,322,0.8140000000000001,1.3,2.3,-0.8,1.9,87,3.0
2017,323,0.241,2.1,3.0,0.3,1.0,95,2.0
2017,324,0.551,-0.1,1.4,-0.9,0.9,96,2.2
2017,325,0.356,-2.3,-0.6,-2.8,0.7,90,3.9
2017,326,0.641,-5.5,-2.9,-7.1,0.0,85,3.1
2017,327,0.353,-4.7,-3.1,-6.4,8.1,85,3.7
2017,328,0.166,0.8,2.3,-3.0,3.2,98,2.5
2017,329,0.216,1.1,2.9,0.7,2.5,97,1.4
2017,330,0.23,-0.3,1.2,-0.6,5.1,97,2.0
2017,331,0.23800000000000002,0.9,1.5,-0.8,0.6,96,2.4
2017,332,0.151,1.3,2.1,0.7,1.9,95,2.2
2017,333,0.194,0.1,1.3,-0.3,2.3,96,1.6
2017,334,0.22,0.2,1.0,-0.5,3.6,98,1.5
2017,335,0.302,-1.4,-0.1,-2.2,2.5,96,2.3
2017,336,0.324,-1.7,0.2,-3.2,0.4,95,2.9
2017,337,0.083,0.9,1.8,0.1,3.2,97,2.6
2017,338,0.20500000000000002,-1.0,1.5,-2.3,0.1,91,3.0
2017,339,0.364,-2.6,-1.7,-3.2,0.8,88,2.1
2017,340,0.184,-3.4,-2.3,-4.7,0.0,88,2.5
2017,341,0.263,-4.2,-3.4,-5.9,8.4,85,2.1
2017,342,0.076,-1.5,-0.1,-3.8,11.4,95,2.9
2017,343,0.166,1.3,1.7,-0.1,0.8,93,2.4
2017,344,0.151,0.1,1.4,-1.0,2.1,90,1.8
2017,345,0.198,-2.2,-0.3,-3.0,0.0,92,1.2
2017,346,0.09,-1.3,-0.3,-3.7,18.9,97,2.8
2017,347,0.20500000000000002,-1.8,0.1,-3.0,0.0,88,5.0
2017,348,0.126,-0.3,1.3,-2.7,0.0,87,3.1
2017,349,0.13,-2.4,-1.3,-3.1,2.4,91,2.2
2017,350,0.108,-1.2,0.0,-4.2,5.2,98,1.3
2017,351,0.252,-2.9,-0.6,-5.3,0.1,94,2.1
2017,352,0.151,-1.7,-0.1,-4.5,1.4,94,2.1
2017,353,0.11900000000000001,-1.5,-0.5,-1.9,0.1,97,1.3
2017,354,0.18,0.0,0.9,-2.3,7.6,96,3.0
2017,355,0.162,-0.6,1.1,-1.7,0.0,97,2.6
2017,356,0.17300000000000001,-1.8,0.0,-2.3,0.4,93,2.5
2017,357,0.054,-2.7,0.1,-5.7,6.9,95,3.4
2017,358,0.212,-6.6,-0.1,-9.1,0.0,89,4.2
2017,359,0.227,-4.9,-3.1,-8.6,7.0,94,1.9
2017,360,0.148,-4.6,-2.9,-5.9,3.9,93,2.5
2017,361,0.097,-4.5,-2.9,-7.6,2.0,94,2.0
2017,362,0.176,0.2,-0.2,-3.1,3.0,96,2.1
2017,363,0.09,0.3,0.8,-0.3,9.1,98,2.1
2017,364,0.191,0.1,0.8,-0.6,0.9,95,2.1
2017,365,0.209,-1.2,0.3,-3.0,0.0,95,1.5
2018,1,0.227,-1.9,-1.3,-3.3,2.9,93,2.1
2018,2,0.133,-0.8,0.5,-1.6,1.3,97,2.2
2018,3,0.17300000000000001,0.5,1.5,-2.0,0.8,98,1.8
2018,4,0.194,0.1,0.7,0.2,1.4,95,2.3
2018,5,0.14,0.9,1.5,0.3,4.5,97,2.5
2018,6,0.148,-0.2,1.7,-1.4,1.6,95,3.2
2018,7,0.522,-6.1,-1.5,-7.7,0.2,88,4.6
2018,8,0.54,-7.5,-5.0,-9.8,0.0,91,3.4
2018,9,0.31,-4.6,-2.4,-9.8,0.3,95,1.5
2018,10,0.364,-2.9,-1.4,-3.8,0.0,98,2.4
2018,11,0.281,-5.3,-3.5,-6.8,0.0,95,1.3
2018,12,0.252,-6.4,-5.3,-7.3,0.0,95,3.0
2018,13,0.234,-3.2,-2.6,-6.1,0.0,93,2.3
2018,14,0.317,-3.9,-2.6,-4.6,0.0,84,2.4
2018,15,0.324,-6.8,-4.7,-8.2,0.0,86,2.8
2018,16,0.439,-10.9,-8.4,-12.0,0.0,81,2.8
2018,17,0.709,-8.7,-7.1,-11.2,2.4,86,3.0
2018,18,0.461,-7.7,-6.0,-9.7,0.4,88,2.9
2018,19,0.544,-10.6,-8.6,-13.9,0.0,91,1.2
2018,20,0.605,-6.9,-5.8,-9.7,1.9,94,1.5
2018,21,0.706,-14.0,-7.3,-15.6,0.6,88,1.3
2018,22,1.67,-19.2,-13.5,-22.0,0.0,84,1.6
2018,23,1.048,-17.6,-14.9,-22.1,0.6,85,2.1
2018,24,0.335,-6.3,-3.8,-15.1,9.5,92,2.7
2018,25,0.338,1.8,3.4,-6.1,0.2,90,4.8
2018,26,1.93,1.2,3.6,-0.4,0.5,87,3.7
2018,27,0.493,0.5,2.0,-0.1,1.3,98,0.9
2018,28,0.752,-0.2,0.3,-0.6,0.0,96,1.1
2018,29,1.087,-4.1,-0.5,-7.0,1.6,93,2.7
2018,30,0.878,-5.1,-3.6,-6.7,0.6,91,1.9
2018,31,1.7530000000000001,-11.4,-5.5,-18.4,0.0,91,1.0
2018,32,1.4040000000000001,-13.5,-11.9,-19.7,3.6,88,2.7
2018,33,1.512,-12.6,-10.1,-14.1,0.0,86,2.7
2018,34,2.315,-14.1,-11.1,-18.0,0.0,88,3.0
2018,35,2.707,-13.1,-10.3,-17.1,0.0,88,2.9
2018,36,2.628,-14.1,-8.7,-17.6,0.0,86,3.0
2018,37,1.591,-11.0,-8.8,-15.3,0.3,85,3.2
2018,38,1.364,-11.9,-9.7,-13.8,0.4,87,2.0
2018,39,1.804,-10.3,-4.1,-16.8,0.0,89,1.5
2018,40,1.602,-6.8,-3.6,-7.9,0.0,89,1.5
2018,41,1.678,-7.7,-6.6,-8.8,0.1,93,1.2
2018,42,2.095,-8.0,-7.1,-9.6,1.0,92,1.7
2018,43,1.861,-4.4,-3.3,-7.1,1.8,91,1.9
2018,44,1.807,-2.2,-1.1,-4.5,0.2,91,1.9
2018,45,1.57,-0.9,-0.1,-1.7,0.0,89,2.2
2018,46,1.346,-3.1,-0.5,-5.6,0.0,88,1.8
2018,47,4.331,-9.8,-5.7,-11.4,0.1,90,0.8
2018,48,4.979,-11.5,-7.6,-14.2,0.0,89,0.7
2018,49,6.5200000000000005,-13.6,-9.5,-17.4,0.0,89,1.5
2018,50,6.97,-16.8,-10.1,-21.5,0.0,86,2.2
2018,51,7.0520000000000005,-19.4,-13.3,-24.6,0.0,84,1.7
2018,52,4.788,-17.4,-11.8,-23.1,0.0,85,1.2
2018,53,8.521,-16.3,-9.9,-23.3,0.2,87,2.0
2018,54,6.016,-17.6,-12.0,-23.3,0.0,85,2.1
2018,55,7.636,-16.1,-11.3,-22.9,0.0,82,2.8
2018,56,5.724,-7.9,-5.3,-14.7,0.0,81,4.2
2018,57,2.689,-11.5,-6.8,-13.8,0.0,70,4.6
2018,58,6.631,-19.8,-13.7,-22.5,0.0,71,2.7
2018,59,6.761,-21.0,-11.2,-27.8,0.0,77,1.3
2018,60,6.001,-15.8,-7.9,-26.4,0.3,71,0.8
2018,61,3.359,-8.6,-6.6,-9.8,0.0,92,0.7
2018,62,5.245,-9.6,-6.7,-12.3,0.0,90,1.1
2018,63,5.285,-8.7,-5.9,-10.3,0.0,85,1.7
2018,64,18.382,-15.2,-8.2,-20.3,0.0,82,1.3
2018,65,14.89,-14.5,-9.3,-20.5,0.0,66,2.3
2018,66,10.289,-15.3,-7.5,-22.5,0.0,61,1.8
2018,67,8.939,-10.2,-6.5,-15.6,0.3,64,2.4
2018,68,3.521,-5.8,-4.5,-7.2,1.2,82,2.7
2018,69,3.748,-2.7,-1.0,-4.8,0.0,87,1.8
2018,70,3.434,-2.2,0.9,-5.4,0.0,88,1.6
2018,71,4.176,-1.3,1.2,-3.2,6.9,89,2.1
2018,72,1.926,-1.5,0.0,-2.6,10.9,96,2.2
2018,73,4.223,-6.3,-1.2,-7.1,0.9,86,5.2
2018,74,10.584,-10.1,-6.3,-14.3,0.0,73,3.9
2018,75,10.624,-11.7,-4.9,-19.8,0.0,76,3.2
2018,76,11.639000000000001,-10.0,-4.2,-18.2,0.0,72,2.6
2018,77,11.664,-2.0,2.7,-9.8,0.5,77,4.4
2018,78,8.766,-3.5,1.7,-6.9,0.1,71,2.1
2018,79,10.93,-9.2,-4.1,-12.6,0.0,66,3.5
2018,80,4.597,-11.3,-6.5,-22.7,3.2,81,2.5
2018,81,4.1290000000000004,-2.7,0.4,-6.5,5.0,91,3.2
2018,82,12.708,-8.6,-2.5,-12.6,0.1,77,2.3
2018,83,3.971,-5.6,0.4,-18.1,5.1,90,3.0
2018,84,6.325,-6.5,1.0,-9.3,0.5,85,3.6
2018,85,17.903,-10.6,-3.4,-19.9,0.0,74,3.0
2018,86,14.245000000000001,-9.0,-2.6,-17.5,0.9,70,2.4
2018,87,10.026,-7.3,-1.5,-13.1,0.0,79,1.5
2018,88,12.42,-4.7,1.1,-16.4,0.0,63,4.0
2018,89,15.991,-3.8,2.4,-11.3,0.0,69,1.1
2018,90,15.113,-5.0,3.7,-12.8,0.0,71,0.8
2018,91,16.333000000000002,-5.3,4.3,-16.6,0.0,60,1.3
2018,92,4.23,-3.0,0.2,-9.9,11.4,81,3.9
2018,93,6.376,-2.5,-0.9,-3.4,0.1,83,5.3
2018,94,21.564,-1.3,5.2,-10.7,1.8,64,2.0
2018,95,6.631,2.8,4.5,0.5,3.2,97,1.7
2018,96,4.05,3.3,5.8,1.7,3.8,93,2.8
2018,97,21.406,1.4,4.6,-2.5,0.0,67,5.3
2018,98,15.923,2.2,5.5,-0.4,4.2,71,1.3
2018,99,9.392,0.8,3.1,-0.8,0.3,83,2.5
2018,100,17.762,-1.0,4.2,-4.3,0.0,67,3.3
2018,101,23.35,-0.6,7.4,-9.6,0.0,58,1.6
2018,102,20.934,-0.6,6.8,-7.3,0.0,64,1.3
2018,103,18.238,2.0,10.6,-6.7,0.0,63,0.8
2018,104,18.763,4.6,11.8,-3.9,0.0,56,1.7
2018,105,18.932000000000002,4.6,14.3,-4.2,0.4,56,0.9
2018,106,13.471,4.3,14.5,-3.4,0.0,74,0.8
2018,107,3.622,3.6,6.8,0.8,2.8,91,1.9
2018,108,16.157,7.4,15.7,2.2,0.0,65,1.6
2018,109,18.331,7.1,13.1,2.0,0.4,58,2.5
2018,110,11.171,2.3,8.2,-0.6,3.3,92,1.2
2018,111,12.802,1.8,4.4,-0.1,0.1,84,3.0
2018,112,19.033,0.6,4.5,-0.6,0.0,67,1.9
2018,113,20.351,3.6,8.9,-2.9,0.0,64,1.4
2018,114,8.298,2.9,5.4,0.7,0.8,71,1.9
2018,115,8.993,4.3,7.0,2.2,1.1,91,1.1
2018,116,17.968,5.2,10.1,1.8,0.9,85,1.4
2018,117,16.855,4.8,10.4,0.9,2.7,82,1.3
2018,118,22.648,4.8,11.0,-0.5,0.0,77,1.1
2018,119,26.64,5.2,12.7,-1.4,0.0,75,1.4
2018,120,17.046,5.0,9.2,0.2,3.6,81,1.8
2018,121,14.285,4.9,8.6,0.4,2.8,84,3.1
2018,122,2.7720000000000002,4.5,5.9,3.2,8.6,98,2.2
2018,123,9.547,5.4,8.0,2.9,8.2,96,2.1
2018,124,3.946,5.2,7.2,3.5,5.1,95,3.5
2018,125,14.98,3.4,6.9,0.8,0.0,90,2.7
2018,126,24.203,10.7,17.8,1.0,0.0,70,2.4
2018,127,25.150000000000002,11.2,18.0,2.8,2.5,65,2.1
2018,128,24.847,8.7,14.6,2.2,0.0,59,1.8
2018,129,24.253,10.4,17.2,1.1,0.0,54,1.5
2018,130,30.29,13.1,19.8,4.4,0.0,46,1.4
2018,131,26.154,15.1,22.5,3.8,0.0,49,1.0
2018,132,33.664,15.7,24.1,4.2,0.0,50,0.7
2018,133,25.348,17.2,26.1,5.9,0.0,51,0.8
2018,134,28.008,18.8,27.1,7.8,0.0,52,1.6
2018,135,15.041,18.2,25.3,8.4,0.0,55,1.6
2018,136,22.738,19.1,25.9,10.7,0.0,59,1.4
2018,137,19.469,16.5,23.8,11.0,0.0,71,1.7
2018,138,27.526,11.1,17.2,7.9,0.0,62,4.0
2018,139,26.168,11.6,16.8,4.8,0.0,53,2.5
2018,140,35.618,13.5,19.8,4.8,0.0,58,2.4
2018,141,26.075,18.8,24.3,7.9,0.0,49,2.7
2018,142,29.164,18.8,24.5,9.1,0.0,51,2.0
2018,143,25.902,15.2,20.3,12.5,0.0,53,3.5
2018,144,31.133,13.0,17.7,7.0,0.0,51,1.6
2018,145,26.795,17.2,23.6,5.9,0.0,48,2.0
2018,146,25.038,18.1,22.9,13.6,0.0,44,3.7
2018,147,27.191,13.2,18.1,9.1,0.0,42,3.2
2018,148,29.21,16.2,22.8,5.1,0.0,48,1.7
2018,149,27.536,19.6,25.2,12.1,0.0,43,5.3
2018,150,21.035,13.7,22.0,11.3,0.1,54,4.8
2018,151,29.624000000000002,11.6,15.8,6.0,0.0,58,2.2
2018,152,25.596,17.0,22.8,7.0,0.0,56,3.7
2018,153,24.196,18.7,23.5,11.4,0.0,56,2.5
2018,154,37.051,15.3,20.3,10.3,0.0,52,3.8
2018,155,20.477,9.8,15.3,7.0,4.5,63,7.2
2018,156,12.323,7.0,10.5,4.0,1.3,73,5.5
2018,157,15.376,7.4,10.5,5.4,0.0,60,3.6
2018,158,8.248,6.6,9.2,3.5,8.0,81,3.7
2018,159,20.142,8.2,12.5,2.2,0.0,67,2.1
2018,160,27.706,10.1,14.2,4.1,0.1,65,1.2
2018,161,11.207,13.0,17.9,7.4,2.1,66,1.4
2018,162,18.169,16.9,22.6,11.1,1.2,61,2.7
2018,163,29.149,11.9,17.6,8.6,0.0,51,3.8
2018,164,14.652000000000001,10.0,14.5,6.4,0.0,69,1.2
2018,165,24.343,13.8,19.6,4.9,0.0,58,1.4
2018,166,23.116,18.8,22.6,14.2,0.0,53,3.4
2018,167,24.473,17.7,22.9,9.8,0.0,53,2.3
2018,168,32.724000000000004,19.2,25.1,9.7,0.0,55,1.4
2018,169,29.426000000000002,19.8,23.0,15.5,0.1,60,2.9
2018,170,9.612,13.3,20.3,10.6,15.1,82,3.0
2018,171,26.215,14.2,17.8,10.2,0.0,59,6.0
2018,172,30.733,15.7,19.9,8.9,32.0,50,1.9
2018,173,17.017,13.5,17.7,11.0,5.2,83,4.0
2018,174,15.473,12.5,16.1,9.8,0.9,79,4.3
2018,175,24.224,15.0,18.4,9.6,0.0,63,2.1
2018,176,11.002,15.0,17.2,13.1,0.2,84,1.6
2018,177,30.481,18.7,21.5,13.0,0.0,70,2.1
2018,178,31.846,16.7,21.3,11.8,0.0,58,3.0
2018,179,31.946,16.6,23.7,8.2,24.9,66,2.2
2018,180,6.764,10.6,15.6,9.5,7.9,90,4.7
2018,181,17.968,12.1,15.3,8.6,0.0,65,4.7
2018,182,30.395,14.1,18.1,8.3,0.0,58,4.2
2018,183,22.331,15.0,19.7,8.7,0.0,57,3.5
2018,184,11.333,14.6,18.7,13.1,1.7,83,1.9
2018,185,20.848,16.7,21.4,12.3,0.0,75,1.5
2018,186,13.572000000000001,15.2,19.2,13.8,10.3,89,3.7
2018,187,21.218,17.7,21.1,13.8,0.0,79,3.6
2018,188,22.122,18.9,22.0,15.5,1.6,78,2.9
2018,189,17.809,16.4,21.7,14.3,0.0,75,3.3
2018,190,26.748,17.4,22.7,11.2,0.0,60,2.8
2018,191,32.274,17.7,23.1,10.5,0.0,64,2.4
2018,192,28.519000000000002,18.2,23.7,11.4,0.0,52,1.7
2018,193,30.438000000000002,18.9,25.9,9.0,0.0,56,0.8
2018,194,32.382,20.2,27.1,12.4,0.0,63,0.9
2018,195,20.077,19.9,26.1,15.3,0.7,76,1.6
2018,196,26.222,21.3,27.7,14.7,0.0,69,1.3
2018,197,23.954,22.9,29.3,16.0,0.0,67,1.2
2018,198,23.85,25.4,31.2,16.6,0.0,57,1.7
2018,199,26.262,23.7,28.4,19.1,0.0,53,2.4
2018,200,26.118000000000002,22.9,28.1,16.7,0.0,54,2.2
2018,201,24.134,24.0,29.0,16.6,0.0,59,2.3
2018,202,9.544,20.8,25.2,19.6,7.0,89,2.0
2018,203,19.426000000000002,22.6,26.4,18.9,0.0,76,2.0
2018,204,22.108,22.5,27.4,15.7,0.0,67,1.3
2018,205,23.386,23.6,29.4,15.9,0.0,65,1.1
2018,206,21.726,24.8,29.6,18.3,0.0,63,1.2
2018,207,20.916,24.1,28.4,19.0,0.0,69,1.2
2018,208,18.961000000000002,22.4,27.2,18.3,0.0,74,2.7
2018,209,15.322000000000001,17.8,22.2,15.8,0.0,85,2.7
2018,210,24.142,22.0,26.8,17.1,0.0,58,2.5
2018,211,22.907,23.2,28.4,16.3,0.0,62,1.6
2018,212,25.675,23.1,29.2,16.6,0.0,59,1.2
2018,213,23.371000000000002,23.7,30.1,16.0,0.2,62,1.0
2018,214,25.916,24.1,30.6,18.0,3.6,73,2.0
2018,215,17.784,20.0,26.4,18.0,21.6,89,1.5
2018,216,15.674,19.1,23.6,15.8,0.0,82,2.4
2018,217,20.992,19.7,24.1,14.4,3.1,70,2.2
2018,218,17.431,14.5,19.7,12.3,1.0,81,3.6
2018,219,20.023,15.1,19.8,11.3,0.0,72,2.7
2018,220,23.324,17.0,23.3,9.2,0.0,65,1.3
2018,221,18.349,23.0,27.8,16.6,0.0,62,3.5
2018,222,19.84,24.4,29.6,18.0,0.3,65,2.5
2018,223,23.422,20.8,26.1,19.3,0.0,61,4.5
2018,224,22.993000000000002,16.2,20.6,11.7,0.0,64,2.2
2018,225,14.443,14.0,16.9,10.6,2.4,79,4.2
2018,226,11.696,13.4,17.1,10.7,0.2,79,2.2
2018,227,19.89,14.7,19.5,9.8,0.0,70,1.9
2018,228,16.042,17.9,22.5,9.9,0.0,66,2.0
2018,229,22.417,19.9,24.1,14.2,0.4,64,3.0
2018,230,13.05,19.3,22.8,17.3,1.5,71,3.2
2018,231,13.691,17.4,20.6,13.9,2.5,65,4.9
2018,232,24.552,13.9,18.3,11.0,0.5,77,2.6
2018,233,18.205000000000002,13.4,17.3,9.9,0.3,68,4.9
2018,234,25.481,13.6,17.4,8.0,10.0,64,3.5
2018,235,7.16,14.5,18.2,11.6,2.5,88,3.4
2018,236,13.068,18.2,24.1,8.4,11.1,74,2.0
2018,237,15.653,17.8,20.8,15.9,0.0,77,2.5
2018,238,12.571,14.6,17.6,10.7,2.1,82,1.5
2018,239,12.006,13.5,17.3,11.4,0.0,80,2.4
2018,240,19.285,12.2,19.2,6.4,0.0,79,0.9
2018,241,16.949,14.3,20.6,8.8,0.0,73,1.3
2018,242,5.231,14.1,16.7,10.1,0.7,88,1.7
2018,243,11.398,14.9,16.9,14.5,1.2,94,1.5
2018,244,12.582,15.7,19.8,12.3,0.0,90,1.0
2018,245,10.987,15.6,20.6,12.5,0.0,90,1.0
2018,246,11.61,17.0,21.9,10.2,0.0,80,0.9
2018,247,12.701,13.9,18.4,10.9,0.0,93,1.4
2018,248,11.754,15.1,18.5,10.4,6.3,93,1.6
2018,249,7.65,14.8,18.4,13.2,0.1,91,1.5
2018,250,11.012,13.3,18.8,9.2,0.0,88,1.0
2018,251,9.32,13.2,17.4,10.7,0.1,83,2.3
2018,252,10.516,13.8,18.5,10.8,0.0,77,1.8
2018,253,12.748000000000001,13.0,16.6,10.0,0.1,82,1.6
2018,254,4.648,13.9,16.1,11.6,6.7,89,1.9
2018,255,4.8100000000000005,11.4,14.0,10.3,14.2,93,4.2
2018,256,9.32,12.2,15.9,9.5,0.0,81,5.8
2018,257,13.201,11.6,15.4,7.5,0.6,83,2.8
2018,258,3.737,11.5,14.2,9.3,6.0,91,2.7
2018,259,9.389,10.0,14.0,6.6,0.0,80,3.6
2018,260,4.316,9.0,10.9,6.7,4.0,91,2.7
2018,261,17.928,10.8,14.3,7.5,0.4,87,3.2
2018,262,2.369,13.7,15.2,10.8,1.0,95,2.4
2018,263,6.905,15.2,19.2,11.9,0.0,75,4.1
2018,264,5.501,13.1,15.0,10.5,0.9,81,3.3
2018,265,6.109,13.9,17.8,10.8,2.4,80,4.0
2018,266,8.834,9.2,12.7,7.2,4.3,85,3.6
2018,267,8.122,6.6,10.4,4.9,0.0,81,3.9
2018,268,10.195,6.6,10.0,2.8,1.0,71,4.4
2018,269,1.393,7.9,8.8,6.9,11.7,90,4.5
2018,270,2.009,6.3,8.7,5.4,0.3,90,6.3
2018,271,10.469,6.3,8.7,5.4,0.3,77,3.9
2018,272,10.476,3.7,7.9,-2.0,3.0,82,2.7
2018,273,3.694,7.2,9.8,3.9,1.5,91,3.1
2018,274,5.519,6.6,10.7,3.9,0.1,89,2.5
2018,275,7.081,4.8,8.8,2.2,0.1,90,1.9
2018,276,4.158,1.8,5.3,-1.1,0.0,87,2.6
2018,277,7.704,0.6,5.3,-2.5,0.0,78,2.7
2018,278,1.339,3.2,7.6,-2.4,6.5,90,3.4
2018,279,7.625,6.2,9.7,3.6,0.0,82,4.0
2018,280,6.775,2.7,7.0,-0.4,0.0,82,2.5
2018,281,11.844,3.2,6.1,-2.1,1.9,90,2.9
2018,282,4.741,8.7,10.8,4.8,9.8,94,3.2
2018,283,6.736,8.3,11.0,6.2,0.0,86,4.1
2018,284,1.498,7.4,10.5,3.1,0.0,94,1.6
2018,285,3.884,9.8,13.5,8.2,0.0,87,2.1
2018,286,2.473,10.3,11.8,7.0,0.0,93,2.4
2018,287,5.7490000000000006,14.3,18.8,10.9,0.0,79,3.7
2018,288,5.746,13.0,16.0,10.6,0.1,78,3.5
2018,289,3.02,7.8,13.9,4.9,1.4,93,2.5
2018,290,1.332,6.1,10.4,1.1,0.7,99,2.2
2018,291,1.721,9.7,11.9,6.4,0.6,91,3.6
2018,292,4.684,5.9,9.0,4.1,0.0,83,4.8
2018,293,4.651,2.8,6.4,0.3,0.1,97,1.3
2018,294,1.217,6.8,8.4,4.2,3.3,85,3.7
2018,295,3.37,6.5,10.6,4.6,0.3,85,4.9
2018,296,3.748,2.0,5.3,-0.3,0.0,86,2.3
2018,297,3.29,0.1,2.0,-2.9,0.0,82,2.1
2018,298,3.244,0.4,1.6,-0.7,1.4,78,2.0
2018,299,2.2640000000000002,0.1,1.6,-0.9,0.7,86,2.2
2018,300,1.192,-1.1,0.8,-2.2,0.7,84,3.1
2018,301,3.125,-2.7,-0.3,-3.9,0.0,82,3.2
2018,302,1.915,-4.5,-3.3,-5.9,0.0,89,1.4
2018,303,3.557,-2.3,0.6,-6.2,1.1,81,3.8
2018,304,0.5,3.3,4.7,0.5,8.0,92,3.2
2018,305,0.742,6.4,7.8,3.7,1.6,91,3.5
2018,306,1.044,4.2,5.4,1.3,6.2,98,2.0
2018,307,0.468,6.2,8.2,4.0,2.7,93,4.5
2018,308,1.696,2.8,4.8,0.8,1.0,96,2.4
2018,309,1.292,4.5,6.3,2.9,0.8,87,3.3
2018,310,0.623,4.3,4.9,2.8,2.0,97,1.5
2018,311,0.544,3.8,4.7,3.6,1.3,98,1.0
2018,312,0.526,4.3,4.9,3.9,3.1,98,1.5
2018,313,0.4,4.5,5.1,3.7,2.9,98,1.7
2018,314,0.317,1.5,3.5,0.5,4.9,94,3.2
2018,315,0.202,2.8,3.1,0.6,0.2,91,2.8
2018,316,0.34900000000000003,3.4,4.0,2.6,5.5,92,3.0
2018,317,0.364,4.5,5.4,1.8,1.5,96,2.3
2018,318,0.446,4.8,5.7,3.9,2.3,94,3.0
2018,319,0.461,4.6,6.2,2.3,2.0,94,3.2
2018,320,0.504,7.5,8.8,6.1,2.6,91,3.7
2018,321,1.292,5.6,7.7,4.5,0.7,81,5.9
2018,322,0.979,1.5,5.9,-1.4,0.0,71,3.8
2018,323,1.1340000000000001,-3.6,-1.3,-5.9,0.0,91,1.8
2018,324,0.922,-1.3,1.2,-4.2,0.1,90,3.2
2018,325,1.17,-1.9,-0.5,-4.6,0.2,90,3.7
2018,326,0.907,-1.6,0.2,-3.8,0.0,92,3.0
2018,327,0.263,-2.5,0.0,-6.3,0.0,93,4.0
2018,328,0.904,-1.9,0.5,-3.4,0.1,87,4.9
2018,329,0.763,-3.2,-1.5,-5.4,0.1,90,3.3
2018,330,0.364,-4.3,-2.9,-6.2,0.9,92,3.0
2018,331,0.67,-7.8,-3.8,-11.2,0.0,88,3.1
2018,332,0.6980000000000001,-7.1,-3.4,-13.3,0.0,92,3.2
2018,333,0.259,-1.4,0.8,-4.5,1.1,84,4.5
2018,334,0.076,0.4,1.4,-1.0,0.7,87,4.6
2018,335,0.5760000000000001,-2.0,1.2,-4.3,0.7,71,3.7
2018,336,0.194,-3.7,-2.4,-4.8,0.4,88,2.0
2018,337,0.076,-4.3,-3.3,-6.6,1.0,89,3.0
2018,338,0.022,-2.3,-0.2,-6.7,3.6,95,2.6
2018,339,0.022,0.9,1.7,-0.2,2.5,95,3.3
2018,340,0.07200000000000001,-0.2,0.6,-1.0,0.2,84,4.2
2018,341,0.036000000000000004,-1.3,-0.1,-3.3,2.0,88,2.2
2018,342,0.022,-1.8,0.0,-2.0,5.4,94,3.0
2018,343,0.083,-0.1,0.9,-1.8,0.2,96,2.9
2018,344,0.054,-0.3,0.8,-1.2,0.1,94,1.9
2018,345,0.176,-2.5,-1.2,-2.8,0.0,95,2.1
2018,346,0.151,-2.4,-1.2,-3.0,0.0,93,2.5
2018,347,0.14400000000000002,-3.2,-1.7,-4.0,0.0,86,1.4
2018,348,0.169,-6.1,-4.1,-7.2,0.0,93,1.8
2018,349,0.187,-6.9,-5.7,-7.9,0.0,94,1.4
2018,350,0.169,-8.9,-6.5,-11.1,0.0,92,1.3
2018,351,0.11900000000000001,-5.3,-3.3,-8.9,0.6,92,1.7
2018,352,0.14400000000000002,-5.4,-3.9,-5.6,2.1,93,1.2
2018,353,0.133,-5.6,-4.7,-7.1,1.4,92,1.3
2018,354,0.212,-8.3,-6.1,-9.5,0.0,90,1.1
2018,355,0.266,-12.8,-9.1,-15.8,0.0,87,1.6
2018,356,0.18,-14.7,-13.3,-16.0,0.0,86,2.0
2018,357,0.32,-14.8,-13.5,-17.7,0.0,87,1.4
2018,358,0.28800000000000003,-14.8,-9.8,-22.1,0.6,88,1.2
2018,359,0.068,-3.2,0.1,-9.7,4.3,95,2.7
2018,360,0.223,-3.8,0.3,-5.8,0.0,91,3.6
2018,361,0.14400000000000002,-5.8,-3.8,-8.7,0.5,96,1.1
2018,362,0.126,-2.0,-0.8,-3.7,0.3,98,1.4
2018,363,0.097,-2.0,0.4,-4.0,0.4,95,3.8
2018,364,0.367,-3.1,0.4,-6.6,0.0,93,3.0
2018,365,0.745,-9.1,-4.5,-13.7,4.8,92,2.7
2019,1,0.083,-0.6,0.0,-4.4,17.6,97,2.9
2019,2,0.266,-8.6,-1.1,-13.1,0.0,85,5.9
2019,3,0.47200000000000003,-18.6,-12.5,-22.9,3.3,86,1.9
2019,4,0.151,-8.5,-7.7,-21.2,0.9,91,2.2
2019,5,0.299,-9.8,-8.6,-10.7,0.0,91,1.9
2019,6,0.22,-5.6,-2.9,-9.7,0.1,95,1.5
2019,7,0.58,-1.0,1.0,-3.9,0.0,96,3.6
2019,8,0.227,-3.1,-2.7,-5.7,0.0,95,1.4
2019,9,0.155,-5.7,-3.1,-6.6,0.0,94,2.2
2019,10,0.382,-8.0,-6.0,-9.0,1.3,93,3.1
2019,11,0.5720000000000001,-1.1,0.8,-8.2,0.6,89,6.0
2019,12,0.623,-4.0,1.0,-6.1,0.0,82,5.5
2019,13,0.77,-9.7,-6.6,-12.4,2.0,92,1.8
2019,14,0.266,-5.8,-4.5,-9.6,5.4,91,2.6
2019,15,0.263,-5.8,-4.1,-7.0,1.3,92,2.6
2019,16,0.468,-8.7,-6.6,-9.1,0.2,90,2.7
2019,17,0.529,-11.5,-8.9,-13.8,0.3,88,2.1
2019,18,0.77,-17.6,-12.4,-18.9,0.0,86,2.0
2019,19,0.77,-19.6,-16.0,-21.3,0.0,84,1.0
2019,20,0.961,-21.9,-17.6,-25.6,0.0,82,2.1
2019,21,1.4000000000000001,-26.4,-20.3,-28.7,0.2,79,1.2
2019,22,0.648,-15.1,-12.7,-27.0,0.7,88,2.4
2019,23,0.547,-11.2,-7.1,-17.2,1.1,90,1.8
2019,24,1.624,-25.6,-16.3,-28.6,0.0,79,1.2
2019,25,0.85,-20.7,-16.7,-27.0,1.2,83,1.2
2019,26,1.051,-16.1,-14.9,-18.3,0.0,86,2.0
2019,27,1.681,-24.0,-15.6,-29.1,0.0,80,1.6
2019,28,2.196,-26.0,-16.0,-31.7,1.9,79,1.6
2019,29,0.648,-10.1,-8.7,-16.4,3.3,87,2.6
2019,30,0.85,-10.2,-6.8,-13.2,1.3,91,1.6
2019,31,2.142,-15.4,-11.7,-20.0,0.0,87,0.7
2019,32,1.976,-20.2,-15.4,-23.7,0.0,83,1.1
2019,33,3.406,-21.0,-14.1,-26.0,0.0,83,2.3
2019,34,1.076,-13.4,-11.0,-17.3,7.4,82,4.7
2019,35,0.49,-8.4,-5.4,-10.9,0.8,89,3.5
2019,36,1.184,-12.5,-8.7,-17.8,2.4,88,1.6
2019,37,2.545,-15.8,-10.4,-22.3,0.0,87,1.3
2019,38,0.6980000000000001,-6.4,-1.8,-15.0,4.1,93,2.2
2019,39,0.583,-1.1,0.4,-3.4,5.1,95,2.7
2019,40,0.8170000000000001,0.5,1.0,-0.3,6.2,94,3.0
2019,41,0.634,1.0,2.2,0.1,3.4,96,3.5
2019,42,0.9470000000000001,0.7,2.0,0.0,1.1,95,2.2
2019,43,3.521,-6.0,0.0,-9.0,0.0,91,3.0
2019,44,1.5230000000000001,-8.6,-4.5,-14.1,1.5,93,1.4
2019,45,2.473,-2.0,0.7,-4.6,0.5,91,3.6
2019,46,3.83,2.6,5.4,0.1,0.0,73,7.7
2019,47,2.657,1.2,3.9,-2.6,0.0,81,4.8
2019,48,4.46,-1.3,3.5,-4.8,0.0,63,6.5
2019,49,1.328,-4.5,-0.2,-11.3,1.2,85,3.0
2019,50,1.12,2.0,2.8,-0.3,3.3,95,3.0
2019,51,1.051,-3.4,1.7,-6.2,0.6,86,5.9
2019,52,5.371,-12.0,-6.2,-15.0,0.0,77,3.1
2019,53,5.011,-12.8,-6.0,-20.6,1.3,75,2.2
2019,54,4.644,1.1,6.3,-7.3,0.2,88,4.2
2019,55,4.45,1.9,5.1,-1.8,0.0,88,4.2
2019,56,4.453,3.6,5.6,1.6,0.0,72,5.9
2019,57,5.13,-0.6,2.6,-3.6,0.2,85,2.3
2019,58,6.239,2.2,5.7,-4.3,0.1,80,6.0
2019,59,2.138,-2.9,3.5,-7.2,0.1,78,5.0
2019,60,7.337,-8.2,-4.5,-13.1,0.5,71,3.2
2019,61,1.631,-4.7,0.0,-6.9,2.8,87,4.8
2019,62,5.908,-10.7,-5.9,-13.8,0.0,80,2.7
2019,63,3.233,-9.0,-6.6,-14.4,0.0,84,1.1
2019,64,7.924,-11.3,-7.4,-13.5,0.0,78,4.5
2019,65,8.035,-9.3,-4.3,-17.9,0.0,67,5.6
2019,66,2.552,-4.5,-2.4,-8.5,1.8,89,2.2
2019,67,2.758,0.4,3.4,-2.5,4.1,94,2.4
2019,68,2.488,-3.2,2.2,-6.2,1.3,85,3.8
2019,69,3.488,-6.3,-3.3,-9.8,0.7,90,1.9
2019,70,5.515,-11.3,-5.5,-16.5,0.0,90,1.3
2019,71,8.791,-6.0,-2.4,-14.2,0.0,76,4.1
2019,72,11.876,-9.7,-2.8,-20.3,0.7,78,2.0
2019,73,3.485,-2.8,-0.7,-5.1,1.8,86,3.0
2019,74,2.524,0.2,1.5,-1.5,0.9,94,2.1
2019,75,3.704,0.8,1.7,0.6,3.1,94,2.2
2019,76,2.182,0.7,1.3,0.4,6.8,95,2.3
2019,77,4.3420000000000005,1.5,3.9,0.3,0.6,94,2.2
2019,78,3.701,1.4,3.3,0.4,0.4,92,1.6
2019,79,4.18,-0.1,1.3,-0.3,2.0,89,2.5
2019,80,12.301,1.5,4.9,-2.1,0.2,81,4.2
2019,81,11.754,0.8,4.0,-1.6,0.0,58,6.1
2019,82,2.297,1.9,3.4,-3.4,0.7,75,4.5
2019,83,12.118,1.8,4.0,0.0,0.0,62,7.0
2019,84,7.495,-0.9,2.8,-2.9,0.9,76,4.3
2019,85,13.169,-2.8,1.0,-6.7,0.0,60,4.2
2019,86,18.328,-2.4,2.4,-11.3,0.0,66,2.5
2019,87,7.769,1.4,6.0,-4.9,0.0,78,3.1
2019,88,22.81,6.5,10.5,3.5,0.0,58,6.9
2019,89,14.306000000000001,2.3,6.0,0.0,0.0,61,6.4
2019,90,14.173,0.4,3.9,-3.0,0.0,67,3.1
2019,91,18.108,0.4,3.8,-3.8,0.0,70,4.7
2019,92,18.745,3.0,7.4,-2.2,0.0,57,2.9
2019,93,16.488,4.3,9.3,-1.4,0.0,50,3.0
2019,94,8.089,4.5,9.8,1.1,0.6,62,2.9
2019,95,10.512,1.9,5.6,-0.5,0.0,86,1.7
2019,96,16.232,3.3,12.2,-2.8,0.0,66,1.1
2019,97,25.589000000000002,3.8,11.0,-4.0,0.1,58,1.2
2019,98,8.896,2.0,8.0,-1.6,2.7,78,3.8
2019,99,3.8120000000000003,-1.8,0.8,-2.8,3.3,89,5.6
2019,100,6.9190000000000005,-3.4,-0.4,-5.1,0.2,78,4.3
2019,101,17.636,-2.4,1.1,-5.2,0.0,62,3.9
2019,102,18.083000000000002,1.8,5.0,-5.9,0.0,58,2.7
2019,103,6.556,2.8,6.2,0.2,0.0,59,2.0
2019,104,16.337,2.9,7.4,-0.5,0.0,58,2.1
2019,105,19.706,3.6,9.6,-4.5,0.0,60,2.4
2019,106,19.026,3.9,12.0,-4.0,0.0,67,1.1
2019,107,30.085,4.4,12.0,-3.4,0.0,67,1.1
2019,108,20.948,5.3,14.2,-3.2,0.0,59,1.3
2019,109,24.134,5.2,9.9,0.3,0.0,62,3.2
2019,110,20.048000000000002,5.0,12.0,-2.6,0.0,61,1.4
2019,111,29.772000000000002,7.2,11.9,0.3,0.0,51,3.3
2019,112,22.957,9.1,14.0,5.4,0.0,57,2.5
2019,113,19.598,12.2,18.2,4.1,0.0,54,3.4
2019,114,23.486,11.6,18.1,3.5,0.0,51,2.8
2019,115,25.369,10.5,18.7,0.2,0.0,55,1.0
2019,116,21.107,10.6,18.7,0.5,0.0,58,0.9
2019,117,21.175,7.6,16.3,0.5,0.0,61,3.6
2019,118,25.283,3.1,8.3,-2.0,0.0,55,1.6
2019,119,18.666,6.8,13.4,-1.2,0.0,55,1.1
2019,120,18.115000000000002,8.7,14.8,1.0,0.0,58,1.9
2019,121,14.144,7.1,12.9,3.1,9.2,74,3.3
2019,122,6.433,0.5,5.0,-0.4,1.9,88,5.1
2019,123,4.626,-1.9,-0.3,-3.2,12.9,90,6.3
2019,124,10.901,0.2,2.2,-1.0,1.5,87,3.1
2019,125,20.506,2.1,6.1,-2.8,1.4,82,2.0
2019,126,22.766000000000002,5.2,10.4,-0.9,0.0,70,1.6
2019,127,9.652000000000001,4.4,8.2,1.4,1.8,79,2.3
2019,128,16.157,6.2,9.9,1.8,0.0,64,3.7
2019,129,26.482,8.2,13.2,1.1,0.0,51,1.8
2019,130,6.2780000000000005,7.8,11.5,2.9,2.6,89,1.9
2019,131,9.23,11.8,14.1,8.9,6.3,95,2.4
2019,132,10.397,10.4,13.9,8.2,1.5,81,5.3
2019,133,12.193,7.4,10.7,5.3,0.0,69,3.7
2019,134,20.603,6.2,11.1,1.3,0.0,64,2.7
2019,135,20.603,6.2,11.1,1.3,0.0,64,2.7
2019,136,18.061,8.7,13.7,2.1,0.0,63,2.0
2019,137,9.535,11.0,17.0,1.6,0.0,53,2.4
2019,138,8.467,13.2,19.3,4.6,0.0,50,2.3
2019,139,8.536,14.9,22.1,5.2,0.0,57,1.2
2019,140,8.618,17.4,22.6,7.6,0.4,57,1.4
2019,141,2.286,12.6,19.7,11.2,1.9,76,2.0
2019,142,10.976,12.7,17.0,11.5,4.5,91,2.4
2019,143,35.32,7.3,12.5,3.9,0.7,60,3.1
2019,144,6.3580000000000005,6.2,8.2,4.9,1.5,80,2.1
2019,145,9.335,8.2,10.8,5.2,3.7,87,1.9
2019,146,11.538,8.4,10.4,5.6,2.2,84,2.7
2019,147,14.530000000000001,10.1,13.7,7.4,2.0,86,1.5
2019,148,18.817,11.8,15.8,6.5,6.2,82,1.7
2019,149,12.47,11.9,15.4,9.7,8.5,81,3.9
2019,150,27.95,12.2,16.8,5.4,1.7,44,5.0
2019,151,19.458000000000002,10.4,13.8,7.4,0.2,57,6.2
2019,152,25.207,10.6,15.9,6.1,5.9,66,4.9
2019,153,19.472,10.6,14.5,7.6,0.0,69,4.0
2019,154,20.308,11.8,17.0,5.1,2.6,65,2.4
2019,155,20.88,16.0,21.7,10.0,0.6,65,2.9
2019,156,20.88,16.0,21.7,10.0,0.6,65,2.9
2019,157,26.928,22.5,28.5,13.1,0.0,60,1.6
2019,158,24.905,23.4,29.8,14.9,2.5,63,1.1
2019,159,23.724,23.0,28.3,17.4,0.4,69,1.5
2019,160,22.77,19.8,23.1,16.5,2.3,70,3.8
2019,161,19.098,16.1,20.1,14.3,0.0,66,5.3
2019,162,30.575,12.2,16.4,10.4,0.0,60,3.8
2019,163,33.865,10.9,15.5,6.2,0.0,54,2.4
2019,164,15.786,11.4,14.0,6.7,0.0,59,2.2
2019,165,29.502,16.0,21.6,10.7,5.3,61,2.1
2019,166,21.064,16.6,22.9,11.6,0.0,74,1.8
2019,167,28.12,18.8,23.9,11.1,0.0,56,2.6
2019,168,33.696,19.9,24.5,14.4,1.2,65,2.7
2019,169,26.518,19.6,24.5,13.0,0.0,62,4.2
2019,170,20.452,19.7,23.3,16.0,0.1,58,5.0
2019,171,27.047,19.4,23.8,12.7,0.0,60,1.4
2019,172,24.073,21.9,26.8,17.3,0.6,67,2.6
2019,173,22.061,16.0,23.1,13.1,1.7,62,6.0
2019,174,22.982,14.8,18.6,11.5,0.0,57,6.3
2019,175,24.588,14.4,18.3,9.9,0.0,62,3.0
2019,176,22.32,13.1,17.7,8.6,3.0,79,2.7
2019,177,27.086000000000002,14.6,20.3,5.6,11.1,69,1.5
2019,178,15.232000000000001,14.2,18.2,12.4,0.6,76,3.0
2019,179,15.232000000000001,14.2,18.2,12.4,0.6,76,3.0
2019,180,23.731,12.8,16.9,8.4,0.0,55,3.3
2019,181,24.219,14.1,17.9,9.9,0.1,57,2.5
2019,182,14.422,16.9,20.6,13.0,0.0,66,2.6
2019,183,20.585,15.1,20.5,8.5,1.7,74,2.3
2019,184,21.258,13.2,17.0,10.5,1.5,76,3.3
2019,185,27.565,13.9,18.4,8.5,0.0,56,3.4
2019,186,22.104,14.6,20.3,4.9,0.1,61,1.9
2019,187,18.439,14.7,19.8,11.8,1.8,83,2.0
2019,188,25.528000000000002,15.5,20.1,9.9,2.6,82,3.2
2019,189,10.591000000000001,10.6,17.4,9.4,0.4,83,4.9
2019,190,14.472,11.7,16.2,7.8,0.0,70,3.8
2019,191,20.552,12.5,16.7,7.7,0.0,67,3.3
2019,192,15.451,11.0,15.5,7.4,0.9,71,2.1
2019,193,21.636,12.3,16.0,7.3,0.1,69,3.1
2019,194,17.150000000000002,11.1,15.6,8.8,0.0,71,2.8
2019,195,17.813,11.8,16.5,6.9,0.2,72,1.5
2019,196,32.908,13.3,18.0,8.0,0.0,73,2.0
2019,197,14.137,14.3,18.8,11.3,0.0,73,2.8
2019,198,19.404,14.9,22.4,9.6,1.6,78,2.4
2019,199,22.504,16.4,20.9,11.9,0.0,74,3.0
2019,200,18.0,16.1,20.2,12.5,0.0,81,3.5
2019,201,25.729,18.0,22.2,14.0,0.0,71,2.1
2019,202,22.666,18.6,25.5,10.7,0.0,64,0.8
2019,203,17.579,19.1,26.3,13.9,0.0,64,1.2
2019,204,23.713,19.8,26.5,11.9,0.0,62,1.6
2019,205,19.490000000000002,20.6,27.0,15.3,0.0,64,2.6
2019,206,24.199,19.9,26.4,12.4,0.0,66,1.1
2019,207,28.818,21.9,28.8,14.7,0.0,68,1.1
2019,208,22.54,24.8,31.3,16.7,0.0,62,2.4
2019,209,24.595,18.9,28.9,16.7,0.0,58,3.7
2019,210,13.079,11.5,16.5,8.0,0.0,64,3.6
2019,211,8.611,9.3,11.0,7.2,3.9,81,5.0
2019,212,26.64,10.5,13.2,7.6,0.0,67,4.3
2019,213,17.564,13.7,17.5,10.5,0.0,66,2.1
2019,214,8.222,12.0,16.1,11.1,0.2,74,3.8
2019,215,12.744,10.3,14.2,8.4,0.3,74,3.1
2019,216,26.575,12.1,16.8,7.4,0.0,61,4.1
2019,217,24.898,13.1,17.7,9.3,0.0,59,3.8
2019,218,18.389,11.3,16.5,5.9,0.0,70,2.3
2019,219,20.47,14.8,20.3,5.7,3.9,63,1.3
2019,220,14.479000000000001,15.8,19.6,11.6,0.0,63,1.2
2019,221,14.879,15.3,21.5,8.3,0.0,69,1.7
2019,222,15.851,15.9,21.6,9.6,0.0,70,1.9
2019,223,20.534,15.6,20.1,12.0,1.3,70,2.6
2019,224,7.484,15.0,17.5,12.4,13.3,91,1.6
2019,225,16.934,16.2,20.3,13.8,0.1,83,1.3
2019,226,13.003,14.9,20.4,10.5,7.8,84,2.1
2019,227,12.69,13.1,15.8,11.4,7.3,90,3.1
2019,228,15.008000000000001,15.4,20.9,12.5,0.0,70,3.2
2019,229,14.76,17.2,22.0,12.3,0.0,75,1.9
2019,230,20.542,18.6,22.8,14.8,0.0,59,1.8
2019,231,7.0920000000000005,16.0,18.5,13.1,0.4,83,2.3
2019,232,15.505,15.9,20.7,11.7,0.5,79,2.4
2019,233,14.0,16.0,20.6,12.4,0.0,78,1.9
2019,234,13.882,14.1,19.0,10.3,0.3,76,2.8
2019,235,9.659,12.4,17.2,5.7,2.7,89,1.7
2019,236,12.780000000000001,13.7,18.1,11.4,0.0,85,3.3
2019,237,22.374,14.5,18.5,8.3,1.4,78,2.2
2019,238,6.192,15.7,18.3,14.7,0.0,77,3.9
2019,239,17.388,16.1,22.7,9.3,0.0,76,1.5
2019,240,16.657,19.0,24.5,13.2,0.0,76,1.7
2019,241,17.248,20.1,25.8,14.0,0.0,70,1.2
2019,242,9.122,16.9,20.9,13.3,2.6,87,1.5
2019,243,13.151,17.0,21.5,12.8,0.0,79,2.0
2019,244,15.203000000000001,17.1,23.2,12.0,0.0,77,1.4
2019,245,19.202,18.3,23.7,11.9,7.5,74,2.1
2019,246,23.263,14.2,19.2,11.7,0.0,81,2.0
2019,247,10.699,13.7,17.3,8.1,1.0,82,2.0
2019,248,10.894,14.0,17.3,9.3,2.0,84,2.6
2019,249,10.998000000000001,13.6,17.1,11.2,1.4,79,3.0
2019,250,18.036,12.6,16.9,6.5,2.0,76,1.8
2019,251,8.208,14.5,19.6,11.3,0.2,78,1.7
2019,252,7.056,13.0,16.9,7.1,0.3,88,2.2
2019,253,6.8260000000000005,14.3,16.7,12.7,0.1,96,1.5
2019,254,12.827,16.1,20.9,12.1,2.4,84,2.5
2019,255,4.0680000000000005,14.1,15.6,13.1,3.0,90,4.0
2019,256,17.669,11.8,14.6,9.9,0.4,80,4.0
2019,257,9.554,9.4,12.8,7.3,0.1,81,3.7
2019,258,3.427,6.2,9.1,2.9,13.1,94,2.7
2019,259,16.463,7.9,11.5,6.1,0.6,83,4.0
2019,260,7.949,7.3,10.9,5.6,2.4,89,2.4
2019,261,9.702,5.4,9.3,3.3,0.1,76,2.7
2019,262,6.26,2.8,5.7,0.5,3.4,94,3.7
2019,263,9.616,5.1,9.6,0.6,0.0,81,3.9
2019,264,3.326,3.7,8.1,0.5,0.8,86,3.8
2019,265,7.945,2.4,5.2,0.5,0.0,87,3.6
2019,266,12.697000000000001,3.1,5.9,0.5,0.0,73,3.4
2019,267,9.288,2.6,7.6,-0.3,0.0,73,2.0
2019,268,13.086,4.2,7.4,-0.8,0.0,71,2.1
2019,269,5.162,8.0,10.4,4.9,0.0,83,2.6
2019,270,3.614,8.1,10.5,5.3,0.4,94,1.7
2019,271,1.976,7.9,10.8,5.0,0.0,95,0.9
2019,272,3.686,8.6,11.1,6.0,2.3,93,2.0
2019,273,3.265,9.8,11.3,7.6,1.4,93,1.6
2019,274,1.066,8.1,10.5,4.4,42.2,95,4.1
2019,275,2.628,3.7,4.9,3.3,1.0,85,4.0
2019,276,8.284,2.0,4.6,-0.2,1.0,75,3.9
2019,277,4.511,0.7,2.5,0.0,3.2,92,4.3
2019,278,7.056,1.1,3.4,-0.2,0.1,87,3.3
2019,279,4.064,3.2,5.4,0.6,1.4,89,1.9
2019,280,3.0020000000000002,3.3,4.8,2.3,0.1,94,1.7
2019,281,4.896,1.3,3.4,-1.3,0.0,84,2.2
2019,282,5.033,1.8,4.9,-1.1,0.0,79,3.6
2019,283,5.551,1.7,4.1,-1.8,1.4,88,1.3
2019,284,1.577,6.7,8.4,2.0,2.2,96,2.1
2019,285,1.379,6.0,8.0,4.3,0.5,94,3.0
2019,286,2.275,1.9,4.4,0.9,0.2,90,2.8
2019,287,10.051,1.7,3.1,-0.4,0.2,88,1.9
2019,288,4.021,1.3,5.3,-0.8,0.0,87,2.1
2019,289,2.174,2.3,3.4,-0.2,0.1,88,2.1
2019,290,2.603,0.5,2.6,-1.6,4.2,86,2.9
2019,291,0.6880000000000001,2.8,4.5,0.2,1.6,97,1.9
2019,292,0.86,7.5,10.4,4.3,7.5,96,2.6
2019,293,2.354,2.3,9.8,1.2,1.3,90,3.2
2019,294,2.156,0.7,1.8,-0.6,0.3,91,2.7
2019,295,0.493,4.8,7.8,0.3,0.2,88,4.6
2019,296,2.632,5.6,8.1,4.6,0.1,77,4.2
2019,297,2.169,6.4,8.7,-0.3,2.7,90,2.4
2019,298,1.764,9.6,11.6,7.6,1.2,87,4.0
2019,299,1.872,5.3,10.8,3.1,0.6,77,7.2
2019,300,0.932,0.4,3.0,-0.3,0.3,90,3.4
2019,301,2.8040000000000003,-1.7,-0.3,-2.4,0.6,83,1.6
2019,302,3.204,-2.9,-1.0,-4.8,0.0,81,3.2
2019,303,2.617,-3.6,-1.5,-5.4,4.5,86,2.5
2019,304,0.968,0.7,2.7,-3.7,0.0,91,3.7
2019,305,1.444,-2.6,0.9,-4.5,0.0,80,2.6
2019,306,1.048,-0.1,1.0,-3.7,9.3,90,2.5
2019,307,0.9470000000000001,0.3,1.6,-1.6,0.1,92,2.9
2019,308,3.067,-4.8,-1.1,-7.3,0.0,94,1.5
2019,309,2.902,-9.8,-6.0,-11.4,0.0,90,1.5
2019,310,1.206,-9.3,-6.9,-12.5,0.0,91,2.0
2019,311,0.965,-8.8,-6.3,-13.0,0.0,91,1.8
2019,312,0.47200000000000003,-5.3,-4.6,-7.1,4.8,94,1.8
2019,313,0.266,-0.6,0.8,-4.9,3.8,97,2.4
2019,314,0.342,0.3,1.2,-0.1,7.7,98,2.4
2019,315,0.202,-1.8,0.1,-2.2,0.1,95,2.4
2019,316,0.0,-3.3,-1.8,-5.0,5.3,95,2.4
2019,317,0.227,0.9,2.2,-2.6,10.3,97,2.1
2019,318,0.259,4.3,5.5,2.1,7.8,99,2.4
2019,319,0.644,1.3,6.7,0.6,0.0,87,3.4
2019,320,0.551,-1.2,1.1,-1.9,0.2,89,1.8
2019,321,0.20500000000000002,-0.1,1.9,-2.7,5.5,98,2.2
2019,322,0.324,3.3,4.1,1.8,0.0,100,1.5
2019,323,0.22,4.3,4.9,3.2,0.5,95,2.8
2019,324,0.22,3.8,4.4,3.0,0.5,97,2.5
2019,325,0.331,2.9,3.9,1.8,0.1,96,1.7
2019,326,0.374,1.3,2.7,0.0,0.3,88,2.1
2019,327,0.23800000000000002,-1.9,0.0,-2.9,0.0,87,1.7
2019,328,0.241,-2.7,-2.4,-4.2,0.0,89,1.7
2019,329,0.277,-1.8,-0.9,-2.7,0.0,89,2.0
2019,330,0.137,-0.4,0.5,-1.8,4.8,96,2.2
2019,331,0.67,-1.9,0.5,-4.1,3.9,95,2.3
2019,332,0.112,0.0,0.5,-3.4,11.2,98,2.3
2019,333,0.09,-0.3,2.5,-3.4,10.7,95,3.4
2019,334,0.5,-4.5,-2.6,-6.2,0.5,89,4.0
2019,335,0.655,-4.6,-2.4,-7.7,0.1,89,4.4
2019,336,0.641,-3.6,-2.6,-4.9,0.0,88,4.6
2019,337,0.594,-5.0,-3.0,-6.5,4.6,93,2.4
2019,338,0.32,1.5,3.5,-3.7,0.2,95,3.1
2019,339,0.389,2.8,3.6,1.7,0.3,88,4.8
2019,340,0.248,1.3,3.4,-0.2,0.0,96,2.3
2019,341,0.176,0.5,1.4,-0.1,6.7,98,2.2
2019,342,0.166,-1.0,0.3,-1.7,5.2,94,3.4
2019,343,0.083,-0.2,2.5,-1.6,3.1,92,5.5
2019,344,0.425,-4.9,-1.4,-8.9,0.0,90,2.7
2019,345,0.097,-2.1,0.5,-7.8,2.3,88,3.6
2019,346,0.094,0.0,1.5,-1.7,3.0,94,3.1
2019,347,0.14400000000000002,0.2,0.8,-1.7,0.9,94,2.2
2019,348,0.079,0.5,0.9,0.2,0.5,95,2.4
2019,349,0.079,0.5,0.7,-0.2,6.3,96,2.4
2019,350,0.10400000000000001,0.0,0.4,-0.6,0.1,99,1.5
2019,351,0.13,0.0,0.8,-0.5,0.1,95,2.0
2019,352,0.094,-1.2,0.1,-1.9,0.3,95,2.7
2019,353,0.151,-2.2,-1.3,-3.5,0.0,92,4.1
2019,354,0.065,-0.5,0.5,-2.1,1.1,97,1.9
2019,355,0.083,0.4,0.7,0.4,0.2,99,1.9
2019,356,0.101,0.2,0.9,-0.4,1.3,98,1.7
2019,357,0.097,0.6,1.1,0.2,0.0,99,1.0
2019,358,0.14,-0.3,0.7,-1.8,0.4,96,1.5
2019,359,0.137,-1.8,-0.6,-2.4,3.2,95,1.9
2019,360,0.14400000000000002,-2.4,-1.8,-2.6,0.0,94,2.5
2019,361,0.558,-8.4,-2.7,-9.7,0.0,89,4.1
2019,362,0.36,-13.2,-6.6,-17.4,0.0,89,1.4
2019,363,0.076,-2.6,0.6,-10.6,5.2,92,3.9
2019,364,0.328,2.8,4.1,0.4,0.1,91,4.9
2019,365,0.353,-2.3,2.8,-5.7,0.0,83,3.8
2020,1,0.17300000000000001,-1.1,2.1,-6.1,2.9,94,3.4
2020,2,0.461,3.4,4.6,1.8,0.0,81,5.1
2020,3,0.083,2.7,4.8,1.1,1.5,89,6.0
2020,4,0.112,-1.2,1.5,-2.4,0.6,83,4.9
2020,5,1.051,-6.5,-1.9,-9.5,0.6,78,3.2
2020,6,0.17300000000000001,-1.4,0.8,-6.6,0.0,95,2.8
2020,7,0.13,1.6,3.2,0.1,1.0,96,3.2
2020,8,0.058,3.3,4.5,2.3,2.9,93,5.0
2020,9,0.562,0.6,3.7,-0.3,0.0,81,5.9
2020,10,0.608,-2.7,0.0,-4.2,0.0,86,2.3
2020,11,0.558,-2.4,0.6,-6.1,3.0,91,3.1
2020,12,0.396,1.5,3.2,-0.2,0.2,93,4.7
2020,13,0.684,-1.5,0.5,-2.7,0.0,90,3.8
2020,14,0.227,0.8,2.5,-1.9,0.5,85,4.6
2020,15,0.158,2.9,5.7,0.7,5.0,90,5.3
2020,16,0.34900000000000003,1.6,3.6,0.6,0.0,87,3.2
2020,17,0.67,1.3,3.0,0.8,3.0,92,2.9
2020,18,0.306,1.8,3.2,0.3,0.7,97,2.0
2020,19,0.263,0.0,3.4,-1.9,1.9,92,4.4
2020,20,0.601,0.3,3.1,-2.9,0.7,91,4.8
2020,21,1.1480000000000001,3.2,7.4,0.6,0.0,69,8.7
2020,22,1.102,-2.0,0.7,-3.9,0.0,73,4.8
2020,23,1.57,-3.6,-1.8,-6.6,3.6,91,3.0
2020,24,1.393,-0.9,1.9,-3.2,0.1,88,4.4
2020,25,1.249,-3.2,-0.7,-5.5,0.2,85,4.2
2020,26,1.688,-8.4,-3.8,-12.2,0.3,90,1.9
2020,27,0.68,-11.9,-9.2,-17.1,1.4,86,2.1
2020,28,0.34900000000000003,-6.7,-5.4,-9.0,5.9,90,2.7
2020,29,0.662,-3.2,-2.0,-5.5,0.7,94,2.8
2020,30,0.367,-3.4,-1.6,-4.4,0.1,90,3.6
2020,31,0.709,-5.7,-4.2,-6.5,0.2,88,2.9
2020,32,0.666,-4.8,-3.3,-7.2,9.0,92,3.1
2020,33,0.385,-1.0,0.9,-3.3,1.6,96,2.6
2020,34,0.99,-5.1,-0.6,-7.0,0.0,83,5.6
2020,35,2.632,-10.4,-5.4,-14.5,0.0,86,2.9
2020,36,2.077,-6.3,-2.9,-13.2,1.9,89,3.5
2020,37,2.243,-8.5,-2.7,-14.3,0.0,79,4.4
2020,38,2.214,-9.3,-4.6,-14.6,1.6,90,1.7
2020,39,1.307,-2.5,-1.0,-5.2,0.0,96,2.6
2020,40,0.677,0.7,2.1,-0.9,2.3,93,4.0
2020,41,0.63,2.6,2.9,1.9,0.5,90,4.7
2020,42,3.899,1.9,3.2,0.9,0.0,81,4.6
2020,43,1.1520000000000001,1.2,2.1,0.4,0.0,89,2.3
2020,44,1.645,0.8,1.7,0.1,0.4,92,2.0
2020,45,1.451,-2.9,0.1,-4.7,0.0,89,2.7
2020,46,1.174,-2.3,0.6,-6.8,4.9,95,2.7
2020,47,0.558,1.6,2.4,0.4,4.5,95,3.9
2020,48,2.988,4.0,5.4,2.2,0.4,80,5.7
2020,49,3.557,3.6,5.5,2.7,0.0,81,4.9
2020,50,2.758,0.7,3.4,-1.3,0.0,80,4.5
2020,51,4.856,-5.9,-0.7,-8.6,0.0,83,1.9
2020,52,0.731,0.6,1.8,-5.5,3.3,90,4.3
2020,53,0.749,2.5,3.7,0.9,4.4,93,4.5
2020,54,4.19,1.0,2.5,0.2,0.0,88,5.8
2020,55,2.462,-1.1,1.1,-2.0,0.1,83,6.5
2020,56,6.088,-3.5,-0.4,-7.3,0.0,72,2.9
2020,57,6.469,-6.2,-2.4,-9.4,0.0,79,1.7
2020,58,9.464,-10.8,-2.9,-15.6,0.0,81,0.8
2020,59,6.822,-10.1,-3.5,-15.8,0.0,79,1.6
2020,60,7.596,-8.9,-2.3,-14.6,0.0,76,1.2
2020,61,5.256,-4.5,-2.0,-11.4,3.2,91,1.9
2020,62,4.025,-6.0,-2.8,-8.2,1.8,92,2.2
2020,63,8.359,-4.9,-2.5,-6.3,0.0,81,3.0
2020,64,5.418,-3.9,-1.8,-6.1,2.7,75,4.1
2020,65,1.973,0.3,1.6,-3.6,1.5,96,2.4
2020,66,3.924,-1.6,1.5,-4.1,0.0,82,3.2
2020,67,14.746,-2.6,3.2,-7.0,0.0,86,1.7
2020,68,7.506,-2.0,4.4,-11.5,0.0,77,2.5
2020,69,2.25,3.4,4.2,1.9,0.0,82,4.4
2020,70,2.851,2.1,4.0,0.2,4.2,95,2.2
2020,71,2.934,1.5,2.7,0.2,1.7,96,2.3
2020,72,2.394,0.9,2.3,0.1,1.3,99,1.5
2020,73,5.476,-2.2,1.0,-5.0,0.0,80,5.2
2020,74,10.526,-6.3,-3.2,-8.1,0.0,58,4.7
2020,75,8.802,-2.3,3.7,-11.9,2.5,69,5.0
2020,76,6.541,0.6,3.2,-1.6,0.0,74,4.9
2020,77,4.0280000000000005,-0.9,1.8,-6.0,3.9,76,4.0
2020,78,10.372,3.7,6.7,0.4,0.0,78,4.1
2020,79,10.472,1.3,4.6,-2.1,0.0,75,3.4
2020,80,11.214,-4.5,2.6,-7.3,0.0,56,3.0
2020,81,12.247,-4.8,0.4,-9.9,0.0,62,2.3
2020,82,12.625,-4.1,1.3,-12.8,0.0,56,2.2
2020,83,11.549,0.7,4.8,-4.2,0.0,59,4.0
2020,84,15.57,3.3,7.3,-0.7,0.0,58,5.0
2020,85,20.696,5.4,8.7,2.1,0.0,53,6.9
2020,86,12.654,3.8,6.7,1.1,0.0,74,3.4
2020,87,13.324,3.4,7.6,-1.2,0.0,77,2.5
2020,88,11.635,2.2,5.7,-0.7,0.0,58,5.4
2020,89,13.072000000000001,-3.5,0.0,-5.2,0.1,66,3.0
2020,90,14.674,-4.4,0.5,-9.9,0.0,59,1.9
2020,91,9.4,-3.9,-1.1,-9.4,4.2,79,4.2
2020,92,9.216000000000001,-1.3,2.6,-3.2,0.0,78,4.4
2020,93,8.053,-3.6,0.0,-10.8,4.5,84,2.0
2020,94,9.187,0.3,3.4,-1.3,0.0,83,4.8
2020,95,17.276,-1.8,2.0,-5.6,0.0,74,4.5
2020,96,16.963,-2.3,1.8,-5.6,0.0,60,3.7
2020,97,9.857,-1.1,2.4,-7.1,0.0,73,1.9
2020,98,18.338,4.9,12.8,-0.6,0.5,73,3.1
2020,99,15.995000000000001,5.6,10.1,-0.8,0.1,63,3.9
2020,100,8.701,2.7,7.5,1.1,0.0,77,4.0
2020,101,12.118,-0.4,3.1,-4.1,0.7,66,2.5
2020,102,13.687000000000001,-0.1,4.2,-4.0,0.0,68,2.5
2020,103,3.992,-0.2,2.0,-5.2,13.1,86,3.0
2020,104,8.237,1.2,4.1,-0.4,0.4,88,2.7
2020,105,15.268,0.2,5.0,-3.9,0.4,88,1.6
2020,106,20.243000000000002,-0.7,3.2,-3.9,0.3,90,1.5
2020,107,16.772000000000002,1.3,5.2,-1.1,0.0,84,3.6
2020,108,6.962,1.1,3.0,-0.7,0.0,81,5.5
2020,109,5.958,1.7,3.2,0.6,0.2,83,4.8
2020,110,15.084,3.8,7.8,-0.8,0.0,67,3.0
2020,111,7.772,4.7,8.5,1.1,0.1,77,2.4
2020,112,23.299,5.5,12.0,-1.0,0.0,61,2.7
2020,113,18.954,3.7,9.4,-1.7,0.0,51,2.4
2020,114,24.48,3.2,7.5,-1.6,2.6,63,2.7
2020,115,16.326,0.8,4.7,0.1,0.1,71,3.6
2020,116,18.083000000000002,1.0,4.8,-2.9,0.0,64,5.5
2020,117,11.311,1.5,4.4,-0.8,0.0,70,3.5
2020,118,19.512,2.0,6.0,-2.4,0.0,61,2.4
2020,119,14.44,1.3,5.0,-1.4,0.7,75,2.3
2020,120,13.226,0.4,4.4,-1.9,0.0,66,3.5
2020,121,17.345,0.4,4.8,-3.7,0.0,59,1.4
2020,122,19.321,3.4,8.1,-4.4,0.0,53,1.9
2020,123,25.844,8.1,13.8,2.6,1.4,48,3.2
2020,124,4.122,6.1,9.8,4.2,1.5,94,1.5
2020,125,16.135,6.8,11.7,1.1,0.3,76,2.5
2020,126,23.584,7.3,14.2,-2.1,0.0,59,1.4
2020,127,17.496,6.6,12.3,0.8,0.1,63,2.6
2020,128,16.895,5.8,11.0,-1.3,0.0,58,2.9
2020,129,14.526,5.9,10.0,-0.5,1.4,56,2.4
2020,130,9.853,4.4,8.0,3.3,1.3,83,3.6
2020,131,29.43,7.8,14.0,-1.9,3.0,54,3.0
2020,132,4.057,2.4,12.2,0.0,8.9,93,3.3
2020,133,23.767,3.4,8.5,-1.2,0.2,67,2.0
2020,134,25.308,4.4,9.9,-2.2,0.0,54,1.3
2020,135,22.741,4.9,9.2,-1.3,0.0,59,2.8
2020,136,27.85,3.1,7.9,-0.4,0.1,72,2.8
2020,137,13.007,3.7,7.5,-1.8,9.9,80,1.8
2020,138,7.87,3.6,5.8,1.8,2.3,95,2.6
2020,139,21.168,6.7,11.3,1.7,0.2,68,2.9
2020,140,18.94,6.1,9.5,2.0,1.4,73,1.9
2020,141,29.275000000000002,7.2,11.4,2.6,0.0,59,4.0
2020,142,26.665,8.7,13.3,5.0,0.0,44,4.7
2020,143,23.699,8.8,14.9,1.7,0.0,51,1.4
2020,144,26.896,12.7,18.2,1.6,0.0,45,1.8
2020,145,27.533,12.6,17.2,7.5,0.0,42,1.9
2020,146,31.219,12.8,19.8,1.6,0.0,47,2.6
2020,147,28.962,14.9,21.3,6.4,0.0,46,1.6
2020,148,23.195,13.2,20.5,6.8,0.8,68,2.3
2020,149,26.222,11.6,15.8,8.3,0.0,57,3.5
2020,150,25.286,11.2,16.6,4.1,0.0,56,2.5
2020,151,22.597,13.2,18.0,6.4,0.0,53,3.6
2020,152,27.079,13.7,18.5,7.5,0.1,52,3.6
2020,153,18.698,13.6,17.9,10.9,0.0,67,2.2
2020,154,28.746000000000002,14.4,20.2,6.8,0.0,58,1.2
2020,155,32.782000000000004,15.0,20.6,8.2,0.0,49,1.7
2020,156,28.775000000000002,14.7,21.6,6.3,0.8,57,2.5
2020,157,11.639000000000001,13.8,16.8,11.5,0.7,84,2.4
2020,158,20.948,15.3,20.8,11.9,1.2,77,2.7
2020,159,15.462,14.4,18.6,10.1,0.0,56,4.5
2020,160,24.142,16.0,20.5,11.5,0.8,59,1.6
2020,161,11.034,17.0,20.5,12.3,0.0,60,1.8
2020,162,28.987000000000002,17.0,22.0,11.8,0.0,45,2.8
2020,163,17.273,16.4,21.5,10.0,0.0,63,1.8
2020,164,23.368000000000002,17.0,22.6,8.4,0.0,64,1.5
2020,165,29.585,18.8,24.7,9.6,0.0,61,0.9
2020,166,29.426000000000002,21.8,26.4,12.3,0.0,46,2.0
2020,167,28.991,22.6,26.3,13.3,0.0,48,1.6
2020,168,28.832,20.1,25.0,14.2,0.0,56,3.0
2020,169,27.85,20.1,25.3,12.9,0.1,53,2.5
2020,170,18.162,19.2,23.6,16.6,5.2,75,3.1
2020,171,20.228,19.1,23.9,14.7,0.0,69,2.9
2020,172,24.095,16.7,21.6,13.9,0.0,59,2.4
2020,173,22.187,16.4,21.9,9.4,0.0,60,1.1
2020,174,35.485,18.2,24.0,9.8,0.0,55,1.5
2020,175,25.294,21.6,27.5,12.2,0.0,52,2.4
2020,176,36.382,22.9,28.3,15.8,0.0,50,2.6
2020,177,25.002,23.9,30.3,15.9,0.1,52,1.7
2020,178,30.722,24.5,29.8,17.3,0.0,54,3.2
2020,179,28.483,20.0,25.2,17.4,0.0,52,3.1
2020,180,27.900000000000002,16.4,21.4,11.7,0.0,54,2.4
2020,181,26.993000000000002,18.1,23.0,11.6,3.9,52,2.1
2020,182,3.787,15.0,19.5,13.6,62.9,94,3.7
2020,183,16.754,15.2,18.7,12.0,8.8,88,3.6
2020,184,25.506,15.2,19.0,10.8,8.1,60,2.7
2020,185,19.278,15.4,19.1,11.4,0.0,71,3.8
2020,186,19.886,15.0,18.9,10.5,4.8,78,2.5
2020,187,37.21,14.7,19.1,10.4,7.6,68,3.6
2020,188,18.025000000000002,15.3,19.1,11.4,3.9,77,3.8
2020,189,12.946,15.1,18.7,12.1,3.9,79,2.8
2020,190,31.154,14.4,19.5,12.3,2.4,78,2.2
2020,191,21.330000000000002,13.5,18.7,8.2,0.6,73,1.9
2020,192,18.551000000000002,12.4,17.0,9.1,7.2,83,2.6
2020,193,21.884,14.5,18.0,8.4,0.1,75,2.1
2020,194,30.319,15.1,20.6,9.8,1.3,71,1.8
2020,195,21.445,14.4,19.4,9.9,1.4,76,1.9
2020,196,17.939,13.4,17.1,9.5,2.4,80,2.0
2020,197,18.986,15.5,21.2,7.3,0.0,70,1.1
2020,198,31.367,16.9,22.0,11.2,0.0,66,2.2
2020,199,22.306,18.9,24.5,10.5,0.0,66,1.1
2020,200,31.014,20.8,25.4,14.5,0.0,65,2.6
2020,201,29.221,20.6,25.2,15.5,0.0,71,1.4
2020,202,16.823,20.4,26.3,14.9,0.0,76,1.3
2020,203,26.021,19.9,25.2,15.9,0.2,78,1.6
2020,204,4.759,15.0,20.0,14.2,5.4,98,3.9
2020,205,9.209,13.6,15.5,12.7,6.1,93,3.5
2020,206,14.987,13.8,17.9,9.8,2.1,77,2.5
2020,207,4.759,14.1,16.1,11.1,3.2,93,3.1
2020,208,20.063,15.8,21.1,11.7,0.0,78,1.4
2020,209,26.266000000000002,18.4,23.6,11.5,0.0,70,1.4
2020,210,33.271,18.7,23.9,13.7,0.2,72,1.7
2020,211,10.811,17.1,20.2,15.0,6.2,95,2.2
2020,212,24.98,15.8,19.3,13.0,0.6,83,2.8
2020,213,17.604,14.0,17.8,12.1,0.0,76,4.0
2020,214,25.852,15.4,19.5,10.1,6.2,70,1.7
2020,215,14.148,15.1,19.9,12.7,15.5,91,1.5
2020,216,12.64,15.7,19.9,10.7,1.2,91,1.7
2020,217,19.033,17.8,21.8,13.5,0.0,76,2.5
2020,218,24.779,16.9,20.8,13.0,0.5,74,2.5
2020,219,4.806,15.6,18.5,12.7,0.7,92,1.9
2020,220,26.694,18.4,23.0,13.9,0.0,83,1.2
2020,221,21.172,20.4,26.6,13.4,0.1,77,1.2
2020,222,17.989,20.3,25.0,16.2,0.0,74,2.9
2020,223,20.329,14.9,19.8,12.8,0.0,66,4.4
2020,224,19.933,13.8,16.2,12.0,0.0,67,3.3
2020,225,15.584,12.3,16.5,7.2,0.0,74,1.2
2020,226,16.765,15.2,19.6,11.1,0.0,73,1.3
2020,227,17.32,15.7,18.5,9.7,0.0,78,2.7
2020,228,16.97,18.5,22.1,15.4,0.0,73,3.3
2020,229,18.846,15.4,19.4,13.9,0.0,63,3.7
2020,230,22.201,12.7,17.0,7.0,0.0,68,2.7
2020,231,19.03,13.2,20.2,4.8,0.0,74,1.6
2020,232,15.836,17.1,22.8,9.3,1.1,80,1.7
2020,233,17.348,19.3,24.3,14.1,0.0,73,2.0
2020,234,17.73,18.5,24.2,12.2,0.0,70,1.7
2020,235,10.249,17.8,21.1,14.3,7.9,80,2.7
2020,236,12.200000000000001,18.2,21.5,15.6,0.2,82,3.3
2020,237,13.241,14.8,19.7,12.3,0.3,89,3.3
2020,238,18.306,12.3,17.3,6.9,1.5,72,1.8
2020,239,13.342,12.2,16.9,8.7,0.0,79,2.4
2020,240,14.976,11.5,16.1,7.4,0.0,82,2.1
2020,241,16.942,11.9,16.4,6.6,2.1,78,1.5
2020,242,11.473,12.2,17.7,8.3,0.0,83,1.5
2020,243,15.030000000000001,12.1,18.0,6.8,0.0,80,1.5
2020,244,15.743,12.2,17.5,8.5,0.0,75,2.7
2020,245,15.239,10.5,17.4,6.0,0.0,84,1.7
2020,246,14.825000000000001,10.6,17.9,4.6,0.0,84,1.1
2020,247,16.38,12.7,15.8,5.9,0.2,94,2.0
2020,248,9.36,16.3,19.3,14.3,2.6,88,2.4
2020,249,5.746,15.1,18.5,13.7,0.8,86,2.9
2020,250,14.994,12.7,17.1,10.4,7.9,90,2.1
2020,251,11.434000000000001,12.8,16.6,9.5,0.0,85,2.2
2020,252,11.286,11.2,14.4,7.7,3.6,93,2.3
2020,253,17.996,12.6,16.4,9.5,35.1,85,2.5
2020,254,1.796,9.4,13.0,8.6,21.2,99,5.2
2020,255,19.411,9.1,13.1,7.0,0.1,89,3.3
2020,256,3.19,10.7,13.8,5.1,6.9,98,2.8
2020,257,5.846,11.5,13.9,9.6,0.7,83,5.4
2020,258,12.719,10.8,14.4,7.3,0.0,74,4.9
2020,259,10.174,9.8,14.3,5.8,1.6,84,2.5
2020,260,1.494,9.7,11.3,6.4,29.0,100,2.1
2020,261,1.67,7.7,12.1,6.1,4.7,92,6.4
2020,262,6.606,8.1,12.1,2.4,0.3,85,3.7
2020,263,9.378,8.9,12.5,7.2,0.7,74,4.7
2020,264,10.278,8.7,11.7,2.4,0.0,81,4.0
2020,265,8.806000000000001,10.2,12.6,6.6,0.1,79,5.1
2020,266,12.373000000000001,9.6,12.6,4.5,0.0,71,4.4
2020,267,6.649,10.2,13.4,3.7,0.0,90,2.5
2020,268,8.071,12.4,14.4,9.0,0.1,99,2.0
2020,269,4.99,13.2,16.7,11.3,4.4,98,2.1
2020,270,8.874,13.6,17.7,9.1,0.0,92,2.2
2020,271,9.288,12.3,18.8,7.3,0.0,92,1.5
2020,272,8.539,11.1,16.8,8.3,0.0,89,1.9
2020,273,17.543,10.1,15.1,5.2,0.0,92,1.3
2020,274,3.496,11.2,12.7,9.6,0.0,99,1.5
2020,275,8.086,10.8,14.3,9.1,0.0,94,1.8
2020,276,10.746,9.8,14.4,6.1,0.0,94,2.5
2020,277,8.392,10.3,14.2,6.2,0.0,87,3.3
2020,278,6.743,11.4,14.3,8.1,0.9,82,4.6
2020,279,1.246,11.2,12.8,10.4,0.7,100,3.2
2020,280,1.944,11.2,13.1,8.6,16.1,100,4.1
2020,281,4.658,11.7,14.0,10.2,0.0,96,2.5
2020,282,1.984,11.6,12.4,10.1,0.5,100,2.6
2020,283,2.0380000000000003,11.3,13.6,9.8,0.9,94,3.0
2020,284,2.412,9.9,10.9,8.7,0.0,90,3.4
2020,285,1.48,8.7,10.1,7.1,4.4,99,1.9
2020,286,1.987,7.5,9.6,5.9,0.1,100,1.1
2020,287,2.815,7.4,8.8,4.9,14.5,100,2.0
2020,288,3.028,3.5,7.3,1.3,0.0,94,2.4
2020,289,4.244,2.4,5.9,-0.7,0.0,89,3.4
2020,290,3.809,1.5,4.0,-0.9,0.0,96,3.1
2020,291,0.9,5.1,6.6,0.6,10.3,99,4.2
2020,292,1.573,3.0,6.0,1.3,5.1,100,1.5
2020,293,1.624,1.3,2.6,0.6,0.8,99,4.2
2020,294,2.556,-0.5,1.0,-1.3,0.0,92,3.1
2020,295,1.732,-0.1,1.0,-1.9,11.8,95,3.7
2020,296,0.522,4.5,5.6,0.4,16.1,100,2.9
2020,297,0.925,2.6,6.0,-0.2,0.6,98,3.4
2020,298,1.98,2.0,3.8,-0.3,0.0,90,4.3
2020,299,3.607,1.1,3.1,-1.9,0.8,95,1.9
2020,300,0.457,7.8,10.2,2.4,0.1,97,4.2
2020,301,0.457,9.4,10.9,8.3,4.5,100,3.5
2020,302,2.02,8.2,10.7,7.5,0.9,96,3.9
2020,303,2.016,8.3,9.5,7.5,0.0,93,4.3
2020,304,0.936,4.9,8.3,1.0,0.9,98,2.9
2020,305,1.264,-0.5,0.9,-3.0,0.8,99,2.6
2020,306,1.062,5.6,7.1,0.7,0.0,94,3.7
2020,307,0.356,4.7,6.2,3.6,8.8,91,6.5
2020,308,1.4040000000000001,8.9,10.6,4.0,3.1,97,4.8
2020,309,1.685,5.9,7.9,4.3,0.0,92,3.9
2020,310,0.5760000000000001,5.7,7.2,4.2,1.1,82,7.5
2020,311,4.09,6.4,8.9,4.5,0.0,74,6.8
2020,312,2.0380000000000003,7.9,10.5,6.4,0.0,73,6.1
2020,313,2.25,1.5,8.5,0.0,0.0,88,3.9
2020,314,1.559,2.1,4.9,-1.2,0.0,88,4.9
2020,315,2.066,-1.3,2.0,-3.0,0.0,94,2.1
2020,316,0.331,-0.2,1.4,-4.4,1.3,100,1.8
2020,317,0.443,3.4,5.0,1.1,0.4,99,2.2
2020,318,0.49,3.4,5.3,2.9,0.0,92,2.9
2020,319,0.41000000000000003,2.6,3.5,1.7,0.0,93,3.7
2020,320,0.392,1.7,2.8,0.1,0.0,91,4.5
2020,321,0.28800000000000003,1.8,2.8,1.3,5.2,97,4.4
2020,322,0.166,3.3,4.6,1.6,13.2,100,5.1
2020,323,0.738,5.0,6.9,2.8,6.9,98,4.6
2020,324,0.108,6.5,10.4,1.2,5.4,89,6.6
2020,325,0.252,-0.8,1.1,-2.4,1.4,88,4.7
2020,326,1.112,-1.7,0.7,-6.6,8.1,97,4.2
2020,327,0.72,2.9,3.5,0.5,1.0,97,3.8
2020,328,0.364,2.5,4.0,0.6,0.6,99,3.8
2020,329,0.256,-0.2,0.9,-1.2,0.1,98,3.5
2020,330,0.23800000000000002,-2.0,-1.5,-3.5,7.7,97,3.1
2020,331,0.295,1.0,4.1,-1.7,0.5,95,4.5
2020,332,0.457,-0.2,0.3,-1.8,0.0,95,3.4
2020,333,0.227,-0.7,0.2,-1.2,0.4,93,1.6
2020,334,0.227,-0.7,-0.1,-1.5,0.1,94,2.3
2020,335,0.097,-1.1,0.4,-2.6,0.4,99,2.6
2020,336,0.083,0.0,1.2,-0.7,1.7,97,4.0
2020,337,0.20500000000000002,-0.1,1.7,-2.0,0.1,98,3.0
2020,338,0.169,-1.1,1.6,-1.7,0.2,85,4.2
2020,339,0.133,-0.9,-0.4,-2.3,3.8,93,3.7
2020,340,0.09,0.9,1.9,-1.4,2.8,100,3.5
2020,341,0.076,2.1,2.5,1.6,0.0,100,3.3
2020,342,0.266,0.1,2.4,-2.4,0.0,96,3.2
2020,343,0.353,-3.1,-1.5,-4.7,0.0,94,3.4
2020,344,0.137,-4.0,-2.9,-6.5,0.0,91,3.5
2020,345,0.281,-3.6,-2.4,-4.9,0.0,93,2.6
2020,346,0.22,-4.7,-3.5,-7.9,0.8,96,2.6
2020,347,0.126,-2.3,-1.7,-4.2,0.0,100,2.2
2020,348,0.108,-3.2,-0.7,-4.4,0.0,94,2.3
2020,349,0.133,-3.8,-2.7,-5.5,0.0,99,1.4
2020,350,0.137,-2.7,-1.8,-4.9,1.5,99,2.4
2020,351,0.054,0.2,0.7,-1.9,8.3,100,2.7
2020,352,0.27,-3.8,0.5,-7.1,0.0,97,2.5
2020,353,0.101,-5.3,-4.5,-10.0,0.2,97,4.3
2020,354,0.068,-1.6,-0.1,-4.6,2.2,100,2.3
2020,355,0.166,2.6,3.8,-0.2,0.1,100,3.5
2020,356,0.032,2.7,4.4,0.3,9.2,100,3.8
2020,357,0.133,2.5,3.5,0.4,1.2,100,3.0
2020,358,0.058,-0.2,2.6,-1.6,5.3,100,3.3
2020,359,0.07200000000000001,-0.8,0.0,-2.0,0.5,100,2.4
2020,360,0.126,-2.3,-0.1,-4.0,0.0,96,4.7
2020,361,0.20500000000000002,-6.4,-3.9,-7.0,0.0,94,2.7
2020,362,0.194,-3.5,-2.0,-6.7,0.5,97,4.0
2020,363,0.216,-2.0,-1.5,-3.2,0.2,90,4.7
2020,364,0.097,-1.8,-0.7,-2.8,1.5,97,5.3
2020,365,0.079,-1.6,1.4,-4.7,2.3,99,5.0
2020,366,0.101,0.5,1.8,-0.2,8.0,99,2.8
2021,1,0.101,-0.8,0.0,-2.4,0.2,100,1.6
2021,2,0.137,-2.8,-0.4,-3.2,2.2,100,3.7
2021,3,0.14,-3.3,-2.6,-3.9,2.0,100,3.2
2021,4,0.461,-8.1,-3.8,-12.9,0.1,97,2.1
2021,5,0.328,-13.5,-11.6,-15.9,0.0,91,0.8
2021,6,0.331,-9.4,-8.0,-14.8,0.0,97,1.3
2021,7,0.227,-7.4,-6.9,-8.1,0.1,97,2.6
2021,8,0.31,-8.6,-7.1,-9.7,0.0,95,1.7
2021,9,0.76,-18.8,-10.2,-21.5,0.0,86,0.9
2021,10,0.36,-15.9,-11.1,-23.6,0.0,87,2.9
2021,11,0.194,-9.9,-8.6,-11.5,0.1,89,5.0
2021,12,0.28800000000000003,-12.3,-9.1,-15.6,0.0,86,6.9
2021,13,0.781,-19.7,-15.3,-21.7,0.0,77,3.5
2021,14,0.81,-25.2,-21.4,-26.6,0.0,77,1.8
2021,15,0.382,-20.8,-14.7,-28.4,0.4,84,1.2
2021,16,0.983,-15.9,-11.8,-20.7,0.1,89,1.1
2021,17,0.616,-4.8,-3.2,-11.9,0.0,100,1.9
2021,18,0.67,-5.2,-3.1,-6.5,0.2,100,1.6
2021,19,0.299,-3.6,-2.5,-6.3,1.6,100,1.4
2021,20,0.313,-5.3,-2.5,-7.2,2.5,99,2.9
2021,21,0.544,-10.0,-7.1,-11.8,8.4,91,5.9
2021,22,0.385,-10.3,-9.5,-11.7,3.7,88,5.3
2021,23,0.374,-3.4,1.6,-10.5,1.4,98,3.8
2021,24,0.241,0.4,1.6,0.0,4.7,100,2.0
2021,25,0.31,0.3,0.9,-0.3,3.4,100,1.9
2021,26,1.375,0.1,0.7,-0.3,4.9,100,2.1
2021,27,0.389,-1.0,0.1,-1.9,0.8,100,2.2
2021,28,0.40700000000000003,-4.0,-2.1,-5.2,4.3,100,1.3
2021,29,0.922,-4.7,-2.5,-5.5,3.8,100,3.1
2021,30,0.47500000000000003,-7.3,-4.7,-8.3,1.4,96,2.5
2021,31,0.961,-6.7,-4.7,-7.7,4.6,100,0.9
2021,32,0.8320000000000001,-11.0,-7.7,-12.6,3.0,95,1.3
2021,33,2.66,-20.6,-11.7,-22.8,0.0,84,0.8
2021,34,3.517,-18.2,-15.5,-22.6,0.0,85,3.6
2021,35,3.096,-14.6,-10.6,-17.9,0.3,86,3.7
2021,36,4.705,-14.9,-12.6,-18.8,0.0,85,3.6
2021,37,3.323,-12.7,-10.6,-16.9,0.0,91,2.6
2021,38,2.56,-8.5,-7.4,-12.9,0.1,90,3.5
2021,39,3.1430000000000002,-12.1,-7.5,-16.5,0.0,89,2.5
2021,40,2.023,-13.4,-11.3,-19.8,1.4,91,1.1
2021,41,3.168,-17.5,-14.1,-21.7,0.0,86,1.6
2021,42,2.221,-19.2,-15.1,-23.4,0.1,84,0.9
2021,43,1.202,-12.3,-8.8,-19.7,0.5,93,1.4
2021,44,3.964,-10.2,-6.4,-16.8,0.0,97,1.9
2021,45,2.614,-11.5,-8.6,-15.3,0.0,94,2.5
2021,46,1.9080000000000001,-9.4,-4.2,-15.8,0.5,93,3.8
2021,47,3.755,-11.1,-3.8,-15.9,0.0,87,3.3
2021,48,5.825,-24.5,-15.0,-28.4,0.0,80,0.9
2021,49,6.509,-21.4,-14.3,-30.5,1.9,82,1.5
2021,50,1.84,-11.4,-10.7,-15.3,7.4,89,2.9
2021,51,1.3,-10.4,-9.5,-11.5,10.9,89,3.9
2021,52,5.2780000000000005,-12.5,-10.0,-14.3,4.2,82,4.8
2021,53,6.214,-15.1,-12.4,-15.8,0.0,76,5.0
2021,54,1.235,-15.4,-13.3,-18.5,7.9,81,4.0
2021,55,1.454,-10.5,-7.3,-14.0,4.9,94,2.2
2021,56,3.874,0.8,2.4,-7.3,0.0,100,2.2
2021,57,8.093,1.5,3.4,0.3,0.0,97,3.6
2021,58,5.3100000000000005,-0.4,2.2,-3.5,4.6,89,3.5
2021,59,6.606,1.3,4.5,-3.3,0.0,94,2.8
2021,60,7.222,3.1,5.5,0.2,0.0,75,6.4
2021,61,7.103,0.0,3.4,-2.2,0.0,71,4.9
2021,62,3.755,-1.4,2.4,-3.2,0.0,76,4.8
2021,63,9.191,-5.8,-2.1,-8.4,0.0,73,4.1
2021,64,7.214,-9.2,-4.4,-14.0,0.0,76,3.0
2021,65,3.427,-7.5,-0.7,-14.4,8.0,90,4.6
2021,66,5.1080000000000005,-8.2,-3.7,-10.5,0.4,81,4.4
2021,67,9.853,-14.4,-6.8,-18.0,0.0,81,2.0
2021,68,9.299,-20.6,-12.7,-25.1,0.0,74,1.8
2021,69,9.68,-22.3,-10.3,-31.3,0.0,67,1.0
2021,70,7.0920000000000005,-14.6,-7.7,-25.7,0.0,72,2.6
2021,71,6.008,-7.2,-4.6,-11.1,0.0,77,4.0
2021,72,4.018,-3.4,-1.5,-6.3,0.7,96,2.1
2021,73,2.466,0.4,2.2,-1.8,1.9,99,2.0
2021,74,4.2010000000000005,0.8,2.3,-0.8,0.0,96,2.2
2021,75,6.0440000000000005,0.6,2.6,-0.9,1.5,92,2.4
2021,76,8.442,-2.3,0.3,-5.4,0.3,92,2.2
2021,77,11.506,-5.9,-2.5,-10.6,0.2,72,4.1
2021,78,13.496,-9.2,-4.3,-13.0,0.3,67,2.8
2021,79,7.168,-3.3,-0.3,-11.8,2.0,91,4.2
2021,80,4.007,-0.6,1.9,-2.4,0.8,86,6.1
2021,81,12.704,-5.3,-0.7,-9.1,0.0,58,3.3
2021,82,8.978,-0.8,6.7,-14.3,0.0,73,3.8
2021,83,9.68,4.8,9.1,2.4,0.0,71,5.1
2021,84,9.454,2.4,6.6,-1.0,0.0,82,2.5
2021,85,13.525,1.9,8.5,-4.9,0.0,82,1.6
2021,86,5.249,1.6,4.9,-2.6,0.0,93,3.0
2021,87,13.896,4.6,10.0,0.6,0.0,80,3.1
2021,88,3.128,2.2,5.2,0.0,2.1,93,5.1
2021,89,12.064,4.9,8.4,2.1,0.0,68,6.4
2021,90,13.727,3.3,6.5,0.5,0.0,67,5.2
2021,91,12.384,2.1,5.4,-1.0,0.4,67,3.9
2021,92,6.739,1.4,4.8,-1.0,0.1,90,1.3
2021,93,8.831,1.5,5.1,-1.8,0.3,77,2.9
2021,94,5.908,3.4,6.2,-1.6,0.9,74,4.6
2021,95,5.969,2.3,5.3,0.2,1.3,88,5.6
2021,96,7.474,-0.3,2.6,-1.9,11.2,90,4.7
2021,97,5.5040000000000004,1.6,4.4,-0.2,5.7,92,3.8
2021,98,14.234,0.3,4.2,-1.7,0.0,80,2.3
2021,99,8.525,-0.5,2.2,-5.3,5.1,89,4.5
2021,100,14.918000000000001,2.6,5.3,0.5,0.2,79,4.8
2021,101,18.238,2.6,7.5,-1.5,0.4,63,4.7
2021,102,15.361,5.3,11.4,-1.9,0.8,67,2.8
2021,103,17.334,5.9,8.9,4.1,0.0,65,3.1
2021,104,21.352,2.2,5.6,-0.4,0.0,63,3.6
2021,105,19.058,2.1,8.7,-4.5,0.0,65,1.2
2021,106,19.145,3.5,11.3,-4.3,0.0,66,1.2
2021,107,19.642,4.8,13.0,-3.1,0.0,66,1.0
2021,108,21.773,5.7,14.0,-3.1,0.0,63,0.9
2021,109,19.843,5.8,13.1,-2.2,0.0,66,1.1
2021,110,18.547,4.5,11.4,-2.8,0.0,58,1.8
2021,111,16.06,5.5,11.8,-2.1,1.3,59,1.7
2021,112,19.451,6.3,11.5,1.9,0.6,83,1.9
2021,113,5.864,3.3,6.6,1.7,1.9,97,1.9
2021,114,8.258000000000001,2.8,6.0,0.7,0.7,90,1.9
2021,115,4.774,1.8,3.1,0.4,4.0,99,4.5
2021,116,8.741,2.3,4.8,1.8,0.2,89,3.5
2021,117,12.956,1.6,4.6,0.2,0.0,73,2.3
2021,118,20.711000000000002,0.8,5.0,-2.9,0.4,80,2.0
2021,119,24.142,1.0,5.8,-4.2,0.0,73,2.7
2021,120,15.048,1.8,6.2,-1.3,0.4,71,3.6
2021,121,22.428,1.0,4.7,-1.7,0.0,48,3.9
2021,122,20.038,2.7,8.3,-4.6,0.0,51,2.3
2021,123,33.732,5.2,9.3,-2.4,0.0,45,2.9
2021,124,31.036,5.0,8.9,1.7,0.0,40,5.3
2021,125,17.852,2.1,5.6,-2.1,0.0,51,3.7
2021,126,5.195,1.7,5.0,-0.2,1.7,81,4.8
2021,127,10.775,1.5,4.1,-0.9,0.0,77,3.1
2021,128,28.886,4.7,9.5,-1.6,0.0,54,2.5
2021,129,20.405,6.1,11.0,-2.4,0.0,55,3.5
2021,130,5.846,7.4,9.8,4.4,8.4,89,3.0
2021,131,20.686,16.4,22.8,8.1,0.0,64,3.9
2021,132,25.405,19.2,25.4,10.1,0.0,43,2.7
2021,133,22.244,18.9,27.0,9.0,0.2,52,1.8
2021,134,23.119,16.7,24.6,9.3,0.0,65,2.2
2021,135,17.914,16.4,22.2,11.0,5.2,71,2.5
2021,136,21.888,14.3,19.5,10.1,11.6,90,1.5
2021,137,32.389,16.7,22.3,8.8,3.6,66,3.2
2021,138,13.176,14.9,18.0,12.1,2.8,94,1.2
2021,139,17.683,18.7,26.5,12.7,0.9,79,2.8
2021,140,7.751,11.0,20.3,10.2,5.7,97,2.9
2021,141,11.761000000000001,10.9,14.7,8.6,2.5,99,3.7
2021,142,6.466,5.6,10.0,3.3,0.9,93,4.1
2021,143,26.035,8.9,15.0,2.1,4.9,83,2.0
2021,144,7.7330000000000005,6.6,10.6,5.8,0.4,94,2.9
2021,145,12.096,8.4,12.0,4.6,0.1,85,2.0
2021,146,22.367,8.3,13.1,3.6,7.2,74,5.0
2021,147,8.528,6.3,10.9,2.0,0.3,98,2.6
2021,148,16.740000000000002,9.4,14.8,6.3,0.3,67,3.8
2021,149,31.025000000000002,8.2,11.9,2.5,0.0,55,4.1
2021,150,28.076,9.8,16.2,0.9,0.7,51,1.9
2021,151,9.9,10.2,14.5,7.6,1.1,78,2.6
2021,152,23.688,14.2,20.3,5.5,0.0,67,1.2
2021,153,28.094,16.6,22.8,7.8,0.0,61,1.5
2021,154,34.121,16.9,23.8,8.9,0.0,63,1.3
2021,155,28.116,19.2,25.7,9.4,0.0,59,1.5
2021,156,34.87,19.4,25.5,10.2,0.0,56,2.0
2021,157,22.068,19.8,25.4,14.2,2.2,59,3.0
2021,158,25.243000000000002,17.0,21.5,12.2,0.0,56,3.1
2021,159,32.414,16.6,21.9,10.7,0.0,53,2.2
2021,160,33.494,18.1,24.2,8.8,0.0,52,1.6
2021,161,27.878,19.8,25.1,11.6,0.0,47,2.1
2021,162,26.759,20.4,25.7,10.8,0.0,49,2.7
2021,163,29.387,18.8,22.7,14.0,17.8,66,3.7
2021,164,10.267,14.7,18.2,13.2,2.9,79,3.4
2021,165,27.029,15.7,20.4,9.2,2.0,60,4.6
2021,166,12.625,14.4,18.3,11.1,0.1,67,7.6
2021,167,25.823,12.3,15.4,10.2,0.0,63,4.7
2021,168,24.97,16.1,23.0,5.5,0.0,61,2.6
2021,169,27.810000000000002,21.2,25.7,13.9,0.4,54,4.7
2021,170,15.476,18.8,25.0,15.7,0.0,74,2.2
2021,171,24.415,23.8,28.5,15.8,0.0,67,3.3
2021,172,27.0,25.0,30.9,16.4,0.0,64,3.3
2021,173,29.448,25.9,32.5,20.1,7.8,64,3.2
2021,174,33.437,21.5,28.2,17.5,28.5,90,2.4
2021,175,20.606,18.6,21.1,17.1,0.0,88,2.4
2021,176,20.801000000000002,19.5,23.9,10.9,0.0,72,1.3
2021,177,20.7,21.8,25.6,17.2,0.0,68,2.4
2021,178,19.242,20.6,24.3,16.2,0.4,73,2.0
2021,179,36.922000000000004,18.7,22.9,13.7,0.1,56,2.5
2021,180,29.563000000000002,19.5,24.3,13.0,0.0,56,2.9
2021,181,26.215,17.7,22.6,13.6,0.0,62,4.4
2021,182,21.449,16.0,20.7,12.1,0.0,74,2.3
2021,183,28.271,19.2,25.6,11.1,0.0,66,1.3
2021,184,27.076,22.4,28.4,13.8,0.0,63,1.0
2021,185,27.709,23.6,29.0,16.2,0.0,61,1.7
2021,186,24.44,23.8,30.2,16.0,0.0,59,1.5
2021,187,37.739000000000004,23.6,28.3,17.4,1.1,54,2.4
2021,188,19.238,23.9,27.7,18.3,0.0,64,2.6
2021,189,26.924,22.7,25.8,19.7,0.0,68,3.2
2021,190,25.276,21.8,27.6,15.0,0.0,61,1.4
2021,191,19.937,22.5,27.9,16.6,0.0,65,1.3
2021,192,21.136,25.9,31.5,19.1,1.5,64,3.0
2021,193,24.016000000000002,22.7,27.6,18.1,0.0,64,2.7
2021,194,30.283,23.4,28.4,17.2,0.1,58,1.2
2021,195,24.376,23.2,28.9,16.7,0.0,62,1.9
2021,196,26.057000000000002,24.2,31.0,16.8,0.0,62,1.7
2021,197,26.928,19.4,23.8,17.7,0.0,60,4.3
2021,198,22.759,20.3,25.0,12.5,0.0,59,3.1
2021,199,20.862000000000002,19.0,24.4,14.7,2.4,64,4.4
2021,200,20.542,16.2,19.0,12.9,0.0,62,4.1
2021,201,12.557,15.2,18.1,12.7,0.1,64,5.4
2021,202,17.55,14.3,17.9,8.5,0.0,56,4.2
2021,203,10.714,14.7,17.4,13.2,1.7,75,4.8
2021,204,19.217,14.0,17.0,12.1,0.0,61,4.2
2021,205,21.251,15.8,20.9,8.0,0.0,59,3.0
2021,206,24.826,18.7,24.6,10.4,0.0,63,1.9
2021,207,21.942,21.4,27.7,12.8,0.0,63,2.1
2021,208,22.036,21.5,28.3,14.2,0.0,64,1.8
2021,209,22.633,22.9,29.0,14.6,1.1,58,1.8
2021,210,10.091000000000001,18.9,23.9,16.1,13.6,90,2.2
2021,211,16.096,17.9,21.5,15.9,0.8,81,3.1
2021,212,10.987,17.2,21.3,12.5,0.6,83,1.7
2021,213,13.594,17.2,21.7,12.6,2.5,83,2.3
2021,214,13.216000000000001,16.6,20.4,14.7,17.8,91,2.1
2021,215,4.133,12.6,16.6,10.9,12.6,94,5.2
2021,216,24.102,14.7,19.1,10.8,0.0,64,4.8
2021,217,24.48,13.9,20.5,6.3,0.0,72,1.0
2021,218,19.393,16.0,22.3,8.1,0.0,63,2.4
2021,219,19.433,17.8,22.3,11.0,6.6,56,4.8
2021,220,5.386,17.1,21.5,13.6,11.0,94,4.2
2021,221,12.038,18.5,21.0,17.0,2.6,90,2.3
2021,222,16.146,17.6,21.6,15.0,0.5,82,3.0
2021,223,20.819,17.5,21.3,11.8,0.0,79,2.0
2021,224,17.878,17.1,22.6,10.1,0.1,79,1.4
2021,225,18.734,17.5,22.7,12.5,0.0,74,3.2
2021,226,14.404,16.5,20.1,12.0,9.6,90,2.7
2021,227,17.291,14.6,18.1,12.3,4.3,87,2.4
2021,228,10.98,15.4,20.0,11.3,7.4,88,1.4
2021,229,9.09,16.4,20.0,11.6,4.8,91,3.6
2021,230,10.84,16.9,19.2,15.6,1.2,82,4.9
2021,231,8.204,14.9,17.4,12.9,6.7,92,4.1
2021,232,9.27,14.9,17.5,12.9,0.6,81,4.3
2021,233,9.817,13.9,17.2,12.3,6.1,86,2.6
2021,234,6.581,13.1,17.4,11.4,7.8,92,3.1
2021,235,2.21,8.7,12.6,7.8,19.8,99,5.5
2021,236,7.938,9.0,10.8,6.6,0.2,84,2.7
2021,237,2.765,9.9,11.0,8.0,11.1,94,5.6
2021,238,13.162,11.6,14.2,9.8,0.0,85,4.7
2021,239,18.612000000000002,10.7,15.4,7.2,0.0,81,2.9
2021,240,17.071,11.7,18.5,4.4,0.0,85,1.2
2021,241,18.504,12.7,19.7,5.6,0.0,79,1.6
2021,242,14.306000000000001,13.1,17.9,9.1,0.0,79,1.5
2021,243,13.32,13.3,18.1,7.3,0.0,78,2.5
2021,244,13.428,10.1,14.0,8.3,1.9,80,4.0
2021,245,10.447000000000001,8.6,11.9,5.6,3.3,80,3.8
2021,246,8.788,7.5,10.8,3.7,0.2,81,4.9
2021,247,8.78,6.7,10.1,4.1,0.0,73,4.4
2021,248,10.814,7.9,13.2,2.0,0.0,71,2.8
2021,249,16.697,8.0,13.8,1.2,0.0,83,2.1
2021,250,8.975,11.3,15.1,6.1,1.2,89,3.4
2021,251,5.7170000000000005,13.4,17.1,11.7,1.8,88,4.5
2021,252,12.024000000000001,10.3,13.6,7.7,0.0,82,2.7
2021,253,15.138,8.6,15.6,1.9,3.7,81,1.3
2021,254,3.42,10.1,11.3,7.5,4.5,100,1.7
2021,255,2.891,11.2,13.4,9.7,15.9,98,2.5
2021,256,2.779,9.7,12.2,6.5,0.0,84,6.6
2021,257,2.1670000000000003,6.3,8.0,5.2,3.6,85,6.0
2021,258,7.34,5.0,7.6,3.0,0.0,87,2.7
2021,259,4.3420000000000005,5.9,8.7,4.0,0.0,83,1.9
2021,260,12.816,6.7,9.6,4.2,0.1,77,2.3
2021,261,4.547,6.8,9.6,5.0,2.6,90,2.0
2021,262,3.283,5.3,8.0,0.4,0.6,86,1.8
2021,263,10.415000000000001,5.3,8.6,3.2,0.0,75,3.0
2021,264,7.744,3.4,7.2,0.9,0.0,85,2.1
2021,265,8.636000000000001,2.9,9.7,-2.6,0.0,87,1.3
2021,266,4.46,5.9,8.2,2.6,0.0,86,4.8
2021,267,3.1750000000000003,8.7,10.8,6.2,3.9,75,3.8
2021,268,2.059,7.4,8.8,6.4,3.8,92,2.2
2021,269,9.331,7.2,11.0,4.3,0.0,88,2.1
2021,270,9.576,7.9,15.2,1.6,0.0,87,1.4
2021,271,11.34,7.1,14.2,1.6,0.1,89,1.5
2021,272,3.938,7.3,8.9,4.9,0.2,86,1.6
2021,273,3.488,8.3,10.3,6.5,0.1,76,2.4
2021,274,4.95,8.0,10.2,6.3,0.0,80,2.9
2021,275,3.8160000000000003,8.6,9.9,7.3,0.3,86,2.9
2021,276,11.308,9.3,13.9,4.7,0.1,80,3.7
2021,277,8.795,10.6,13.7,8.3,0.1,74,4.8
2021,278,0.8140000000000001,9.3,11.2,8.6,10.2,89,4.0
2021,279,7.279,10.2,12.0,8.4,1.3,78,4.5
2021,280,1.364,10.8,12.6,9.5,2.4,84,4.7
2021,281,4.151,10.1,12.2,7.9,3.9,88,3.3
2021,282,2.5020000000000002,11.0,12.5,8.9,0.4,90,3.0
2021,283,1.721,10.8,11.7,8.9,3.3,91,3.6
2021,284,2.963,9.8,11.6,9.0,2.7,79,4.6
2021,285,1.5190000000000001,6.4,8.9,5.2,1.7,92,2.8
2021,286,6.6240000000000006,3.9,6.7,1.3,0.0,92,1.3
2021,287,3.625,4.5,6.3,1.7,0.3,85,3.8
2021,288,1.832,6.7,7.3,5.6,5.8,90,5.3
2021,289,1.872,3.3,7.2,1.2,5.4,87,7.0
2021,290,1.782,3.2,4.9,2.0,1.4,87,7.0
2021,291,1.843,2.7,4.1,1.8,0.1,85,5.3
2021,292,5.306,-0.8,2.1,-3.1,0.6,78,3.3
2021,293,1.562,1.1,2.3,-3.0,18.3,93,5.7
2021,294,1.548,5.7,7.5,2.0,8.2,97,2.3
2021,295,1.472,2.7,6.2,1.3,3.3,92,5.7
2021,296,3.96,-0.3,1.7,-1.3,0.0,85,4.1
2021,297,3.251,-1.4,1.2,-5.6,8.1,85,2.7
2021,298,1.289,4.2,6.5,0.0,2.0,96,3.2
2021,299,1.264,6.9,8.0,5.5,0.9,93,3.6
2021,300,1.235,5.6,8.0,4.3,2.2,93,2.2
2021,301,1.159,5.5,6.1,3.9,4.4,96,2.7
2021,302,1.094,9.6,11.1,6.1,0.0,89,4.7
2021,303,1.048,7.8,9.4,7.3,0.0,84,3.3
2021,304,1.008,6.9,8.0,6.1,1.1,89,2.5
2021,305,1.285,7.4,8.6,6.4,0.0,89,3.4
2021,306,0.9580000000000001,6.3,8.0,5.5,0.0,85,4.5
2021,307,0.893,5.1,5.6,4.4,5.7,89,3.8
2021,308,0.8170000000000001,6.2,6.9,4.3,1.4,98,2.3
2021,309,0.806,5.0,7.0,3.4,7.0,94,2.3
2021,310,0.842,3.2,4.3,1.9,0.0,86,3.7
2021,311,1.325,1.2,2.6,0.0,0.1,87,3.3
2021,312,2.3000000000000003,-2.2,0.3,-4.0,0.0,80,3.8
2021,313,1.944,-2.7,-0.3,-6.6,2.6,91,3.6
2021,314,0.641,4.2,5.3,-0.3,0.7,93,3.8
2021,315,1.915,3.3,4.9,2.2,1.5,83,4.1
2021,316,0.673,2.3,3.4,1.6,0.5,96,2.2
2021,317,0.5690000000000001,0.3,2.4,-0.6,0.1,93,2.3
2021,318,1.663,-0.5,0.5,-2.0,0.0,88,3.6
2021,319,0.76,-1.2,2.7,-6.5,0.3,89,4.5
2021,320,0.47200000000000003,3.7,4.0,2.4,0.6,89,3.8
2021,321,0.428,4.0,4.6,3.3,0.6,94,3.2
2021,322,0.40700000000000003,2.8,4.5,1.5,5.4,92,4.1
2021,323,0.418,1.2,1.7,0.5,0.0,86,3.8
2021,324,0.5,0.9,2.0,0.1,0.4,85,5.2
2021,325,0.378,-2.8,0.2,-5.2,0.0,80,5.5
2021,326,1.058,-5.4,-3.9,-8.3,2.9,87,3.0
2021,327,0.335,-4.1,-2.9,-7.8,5.4,93,3.0
2021,328,0.313,-2.3,1.1,-4.0,2.6,87,4.6
2021,329,0.292,-5.4,-3.8,-6.3,5.9,90,3.4
2021,330,0.59,-9.7,-6.2,-11.1,0.0,90,2.5
2021,331,0.8280000000000001,-9.0,-7.8,-10.9,0.0,90,1.8
2021,332,0.77,-16.7,-9.5,-19.9,0.0,84,1.7
2021,333,0.5760000000000001,-16.6,-13.8,-20.1,0.6,84,2.1
2021,334,0.223,-8.5,-7.1,-13.5,6.0,86,5.5
2021,335,0.403,-9.8,-7.1,-13.3,1.1,87,3.8
2021,336,0.652,-15.5,-9.2,-20.1,0.2,86,1.4
2021,337,0.554,-8.8,-5.2,-16.4,0.2,87,2.9
2021,338,0.616,-15.9,-8.5,-17.9,0.0,82,3.0
2021,339,0.587,-20.4,-15.8,-23.7,0.0,82,2.1
2021,340,0.515,-10.8,-8.0,-17.6,0.0,88,1.9
2021,341,0.457,-14.2,-7.5,-18.7,0.0,85,2.2
2021,342,0.468,-20.8,-18.2,-24.0,0.0,82,1.8
2021,343,0.439,-16.4,-14.9,-19.9,0.0,84,1.3
2021,344,0.446,-10.4,-6.1,-15.0,0.0,87,4.4
2021,345,0.126,-4.3,-3.0,-6.4,0.0,92,3.9
2021,346,0.122,-3.4,-2.8,-5.5,0.8,94,2.0
2021,347,0.13,-1.9,-0.4,-3.2,1.8,95,2.0
2021,348,0.11900000000000001,0.3,1.0,-0.5,0.6,98,2.9
2021,349,0.11900000000000001,-0.3,1.1,-2.4,0.3,96,3.2
2021,350,0.11900000000000001,-0.3,1.4,-2.3,0.0,92,3.8
2021,351,0.115,-2.2,-0.1,-4.4,0.8,92,2.9
2021,352,0.112,0.1,1.4,-3.7,0.1,94,3.5
2021,353,0.166,-4.3,1.2,-7.2,0.1,83,4.8
2021,354,0.34600000000000003,-14.8,-6.6,-17.5,0.1,82,3.6
2021,355,0.353,-17.6,-13.5,-19.6,0.0,84,2.3
2021,356,0.356,-15.1,-12.7,-19.9,0.2,86,2.2
2021,357,0.115,-8.0,-4.6,-13.7,0.9,87,4.0
2021,358,0.209,-17.7,-10.6,-22.2,0.1,84,1.8
2021,359,0.166,-19.9,-15.4,-23.2,0.2,82,1.8
2021,360,0.256,-18.1,-15.2,-23.7,0.0,83,3.2
2021,361,0.122,-10.2,-8.5,-16.1,0.0,89,2.4
2021,362,0.126,-7.5,-6.2,-11.1,0.0,88,2.5
2021,363,0.13,-5.0,-4.6,-7.1,0.7,89,3.3
2021,364,0.13,-4.1,-3.7,-4.8,7.6,90,3.8
2021,365,0.133,-3.3,-0.6,-4.4,0.0,90,4.4
2022,1,0.428,-9.7,-3.4,-12.5,0.0,85,4.6
2022,2,0.299,-9.7,-7.5,-12.8,0.0,91,2.4
2022,3,0.256,-10.2,-9.3,-11.5,0.0,86,3.8
2022,4,0.162,-9.6,-9.0,-10.4,5.1,86,4.7
2022,5,0.162,-6.4,-4.6,-9.7,1.5,92,2.1
2022,6,0.335,-12.3,-4.9,-16.3,0.1,83,3.9
2022,7,0.508,-13.7,-9.2,-19.7,0.5,84,3.1
2022,8,0.5650000000000001,-19.2,-8.9,-23.2,0.0,83,1.0
2022,9,0.598,-20.6,-17.3,-24.1,0.0,81,1.3
2022,10,0.554,-24.5,-21.2,-27.6,0.0,78,0.9
2022,11,0.562,-18.2,-9.2,-26.1,2.0,84,2.9
2022,12,0.223,-2.2,0.1,-9.5,2.8,92,5.3
2022,13,0.641,1.3,3.4,-0.6,0.2,81,7.1
2022,14,0.54,-1.2,0.9,-2.4,0.0,75,6.7
2022,15,0.371,-4.1,-1.2,-7.2,0.0,81,3.9
2022,16,0.803,-2.4,0.3,-9.5,0.1,85,5.6
2022,17,0.9400000000000001,-4.4,0.6,-6.1,0.0,66,7.3
2022,18,1.0150000000000001,-6.9,-3.8,-10.9,0.0,84,3.2
2022,19,0.371,1.1,2.1,-4.0,1.7,89,3.8
2022,20,0.353,-1.7,1.6,-4.4,2.9,95,4.4
2022,21,0.486,-4.8,-2.6,-7.2,0.0,89,5.9
2022,22,1.3,-11.2,-5.4,-15.6,1.4,87,1.9
2022,23,0.425,-5.0,-1.4,-16.7,0.0,95,3.5
2022,24,0.454,0.7,1.4,-1.6,0.2,92,5.0
2022,25,1.541,-5.5,1.4,-9.1,0.0,85,3.2
2022,26,0.587,-7.2,-3.9,-13.3,4.0,92,2.8
2022,27,0.526,-1.9,-0.9,-3.9,0.6,96,2.5
2022,28,1.026,-4.4,-2.2,-5.4,0.0,91,2.3
2022,29,0.626,-5.8,-3.0,-9.9,7.5,89,4.7
2022,30,0.796,-5.3,-3.0,-6.4,2.6,86,4.5
2022,31,0.8240000000000001,-7.8,-6.0,-9.0,0.2,85,3.9
2022,32,1.1480000000000001,-9.2,-7.4,-11.2,0.0,87,2.0
2022,33,1.174,-10.8,-8.2,-13.6,0.0,88,1.7
2022,34,2.2680000000000002,-19.9,-12.8,-22.2,0.0,82,0.9
2022,35,1.285,-12.6,-7.2,-20.2,4.9,86,4.2
2022,36,0.846,-6.0,-5.4,-7.3,6.0,87,4.7
2022,37,0.925,-3.2,-1.0,-5.7,2.1,90,4.4
2022,38,1.26,-0.7,0.2,-1.4,0.0,91,1.7
2022,39,1.03,-3.5,-0.9,-5.1,2.3,93,2.4
2022,40,2.696,-2.0,-1.0,-4.6,2.7,89,3.1
2022,41,1.897,-2.6,-0.5,-5.9,0.0,89,3.9
2022,42,1.238,-5.0,-0.8,-7.5,0.0,87,4.1
2022,43,1.332,-7.4,-2.0,-13.0,0.0,88,2.8
2022,44,1.199,-4.6,0.2,-16.0,6.8,95,3.8
2022,45,1.238,0.4,1.9,-1.1,3.7,94,3.1
2022,46,1.292,-1.9,-0.3,-3.4,8.6,94,3.1
2022,47,1.3820000000000001,0.6,1.6,-0.7,3.2,94,3.8
2022,48,1.4040000000000001,0.1,0.8,-0.3,9.4,96,3.6
2022,49,1.516,-3.9,0.1,-6.2,0.7,89,5.1
2022,50,1.606,-5.4,-3.7,-7.6,0.0,86,2.9
2022,51,1.897,-5.5,-4.2,-7.8,0.1,87,2.9
2022,52,1.746,-6.0,-4.6,-8.7,0.1,90,2.2
2022,53,4.72,-9.5,-5.1,-11.2,0.0,86,3.2
2022,54,5.346,-15.7,-9.9,-23.2,0.0,85,1.7
2022,55,1.865,-0.6,2.6,-12.9,3.6,87,6.3
2022,56,1.901,0.5,2.3,-0.1,4.7,94,2.8
2022,57,5.324,-5.6,0.2,-10.6,0.0,74,4.0
2022,58,5.803,-3.4,1.0,-14.2,0.0,78,3.7
2022,59,6.577,-0.7,5.0,-6.3,0.0,82,2.6
2022,60,6.804,0.3,4.8,-3.8,0.0,71,4.5
2022,61,5.706,1.2,3.7,-1.6,0.0,79,4.5
2022,62,5.353,-1.2,1.8,-4.1,0.0,71,4.3
2022,63,7.729,-7.5,-1.3,-12.0,0.0,76,1.8
2022,64,7.639,-7.2,0.0,-15.8,0.7,75,2.8
2022,65,3.262,-2.4,1.0,-6.3,2.1,87,3.4
2022,66,8.348,-7.0,-1.4,-8.9,1.2,70,2.5
2022,67,2.754,-7.8,-5.9,-11.1,0.0,88,2.5
2022,68,8.759,-5.8,-3.9,-8.1,0.0,84,1.9
2022,69,3.092,-2.7,-0.1,-9.9,0.0,81,4.1
2022,70,8.395,1.1,3.7,-1.1,0.0,79,3.0
2022,71,8.752,-1.4,6.7,-6.9,0.0,86,1.0
2022,72,7.916,-2.9,6.7,-8.6,0.0,83,0.9
2022,73,10.015,-3.7,7.0,-11.5,0.0,72,1.4
2022,74,9.947000000000001,-1.8,7.7,-9.4,0.0,64,1.7
2022,75,10.001,-1.6,8.5,-10.3,0.0,70,1.6
2022,76,11.002,-0.7,8.1,-9.3,0.0,65,2.2
2022,77,9.41,1.5,5.9,-5.0,0.0,69,3.8
2022,78,10.98,2.9,7.1,-3.6,0.0,67,4.3
2022,79,11.696,5.1,10.2,0.9,0.0,63,3.7
2022,80,11.898,3.8,10.7,-3.2,0.0,55,3.1
2022,81,12.326,1.8,8.5,-4.5,0.0,62,1.9
2022,82,12.395,1.5,7.1,-6.2,0.0,62,2.3
2022,83,6.646,3.0,6.6,-0.2,0.0,72,3.5
2022,84,4.057,0.9,3.4,-1.5,7.2,92,4.5
2022,85,5.998,-2.8,2.2,-4.0,0.0,71,7.7
2022,86,12.985,-5.5,-2.3,-10.1,7.5,57,3.8
2022,87,6.0120000000000005,-5.9,-3.1,-6.0,0.0,80,4.1
2022,88,10.105,-9.0,-3.6,-17.2,0.0,78,4.1
2022,89,7.096,-4.9,-1.8,-7.9,0.1,82,3.5
2022,90,11.218,-6.8,-1.1,-11.4,0.0,83,1.5
2022,91,13.734,-9.5,0.2,-18.7,0.0,76,1.0
2022,92,13.417,-5.3,1.2,-15.8,1.1,67,2.6
2022,93,9.954,-2.5,2.0,-4.8,0.0,73,2.2
2022,94,5.357,-3.8,0.6,-12.2,11.3,93,3.6
2022,95,5.191,0.1,1.0,-0.9,4.8,93,5.0
2022,96,6.948,-2.8,0.7,-4.9,0.5,78,4.0
2022,97,11.473,-0.2,4.8,-3.4,0.0,74,3.8
2022,98,5.368,2.3,4.2,-0.4,5.0,92,5.3
2022,99,12.164,1.5,4.6,-0.7,2.8,81,3.6
2022,100,5.908,0.7,3.5,-1.4,8.8,85,4.3
2022,101,10.343,2.0,4.4,-0.3,0.2,84,3.9
2022,102,14.054,2.3,7.2,-1.9,0.0,75,1.0
2022,103,17.068,1.4,8.1,-4.8,0.0,68,1.6
2022,104,8.28,2.1,5.6,-1.8,0.8,78,2.7
2022,105,15.718,2.2,5.2,0.1,0.0,70,4.3
2022,106,17.42,2.5,7.6,-3.1,0.0,57,1.4
2022,107,17.309,4.0,10.9,-3.3,0.0,63,1.7
2022,108,15.293000000000001,4.5,11.4,-0.7,0.2,77,1.3
2022,109,18.396,6.2,15.1,-1.9,0.0,72,1.1
2022,110,19.746,6.8,15.4,-1.4,0.0,70,0.8
2022,111,20.038,5.5,13.5,-0.8,0.0,70,1.0
2022,112,16.168,5.4,12.8,-1.6,0.0,65,2.6
2022,113,17.798000000000002,4.0,7.7,1.5,0.0,69,2.6
2022,114,21.298000000000002,3.6,8.8,-0.3,0.0,65,2.0
2022,115,21.553,3.2,10.1,-4.4,0.1,64,1.0
2022,116,10.627,1.1,5.5,-1.1,0.1,70,4.8
2022,117,21.794,-0.5,3.1,-4.3,0.0,50,2.8
2022,118,13.306000000000001,0.1,4.2,-6.0,2.1,73,2.8
2022,119,19.868000000000002,-0.8,3.3,-5.7,0.6,61,2.7
2022,120,10.188,0.6,5.9,-4.8,0.2,79,2.7
2022,121,19.912,2.3,7.9,-3.5,0.0,72,1.8
2022,122,8.82,4.8,9.8,0.3,0.4,66,5.2
2022,123,9.094,0.8,5.5,0.0,0.0,68,6.4
2022,124,23.389,2.0,6.0,-1.7,0.0,55,3.2
2022,125,12.856,5.3,10.1,-2.7,0.0,59,3.0
2022,126,23.022000000000002,10.1,15.3,5.5,0.0,52,3.8
2022,127,15.764000000000001,7.5,14.2,3.2,4.9,79,3.6
2022,128,21.301000000000002,4.1,9.1,0.2,0.0,58,4.1
2022,129,21.06,5.5,10.6,-1.5,0.0,57,3.2
2022,130,22.633,11.1,16.7,3.8,2.1,48,4.6
2022,131,8.431000000000001,8.3,13.4,6.1,4.6,83,4.5
2022,132,8.521,7.5,11.9,3.8,6.0,92,2.5
2022,133,14.58,9.3,14.9,5.7,0.0,74,3.7
2022,134,25.024,9.9,15.9,2.3,0.6,61,1.6
2022,135,9.227,7.4,12.0,4.4,1.9,80,4.1
2022,136,16.531,8.2,11.9,6.1,1.7,65,4.1
2022,137,13.025,5.4,8.7,3.6,0.3,81,3.6
2022,138,22.475,8.4,13.3,3.3,0.0,54,4.4
2022,139,26.899,7.5,11.7,2.4,0.0,49,3.3
2022,140,26.496000000000002,8.9,13.8,1.2,0.0,51,2.0
2022,141,25.157,9.8,15.4,1.3,0.0,52,1.7
2022,142,25.708000000000002,10.6,17.4,1.7,0.0,56,1.5
2022,143,26.719,11.2,18.7,4.0,0.0,60,1.7
2022,144,27.065,13.6,19.5,4.7,0.0,46,1.9
2022,145,26.968,14.7,19.9,5.1,0.0,38,2.8
2022,146,26.158,12.0,16.9,9.1,0.0,61,2.7
2022,147,13.885,11.3,14.8,5.4,0.0,70,2.0
2022,148,19.739,12.7,16.4,7.8,0.0,66,1.3
2022,149,12.769,13.6,18.0,9.8,1.7,80,2.3
2022,150,12.82,12.1,15.3,6.7,0.4,87,2.5
2022,151,18.914,14.2,19.4,9.9,5.2,78,4.0
2022,152,25.564,14.4,18.7,10.1,0.0,63,3.5
2022,153,15.872,13.3,17.9,10.3,9.5,76,4.2
2022,154,10.57,12.0,15.2,10.1,3.8,84,3.6
2022,155,15.98,13.4,17.0,9.4,2.7,80,1.9
2022,156,22.558,12.2,15.3,9.9,0.3,66,3.5
2022,157,28.944,11.7,16.3,6.1,0.0,56,3.4
2022,158,27.472,15.1,21.1,4.1,0.0,56,3.3
2022,159,18.108,14.1,21.0,9.3,2.7,73,2.2
2022,160,14.749,14.5,19.1,12.8,2.0,86,2.7
2022,161,27.871000000000002,14.9,19.8,10.6,0.0,70,2.0
2022,162,26.582,17.3,22.7,8.3,0.4,70,2.1
2022,163,27.22,18.0,21.5,14.1,0.2,60,3.5
2022,164,24.516000000000002,15.9,19.6,10.1,0.0,67,2.6
2022,165,20.124,15.5,19.7,11.0,0.4,78,2.0
2022,166,15.199,15.0,18.5,11.9,0.8,78,4.2
2022,167,9.338000000000001,10.0,14.3,8.9,7.0,88,6.3
2022,168,11.992,11.2,15.3,8.4,0.0,80,3.7
2022,169,17.078,13.8,19.4,7.7,8.7,79,3.0
2022,170,9.371,11.5,14.1,10.3,11.9,94,3.8
2022,171,27.702,13.0,17.3,9.6,0.0,71,2.7
2022,172,28.843,15.9,20.0,8.5,0.0,61,1.9
2022,173,20.117,17.4,21.7,12.1,0.0,62,2.9
2022,174,16.085,17.1,20.7,14.6,1.3,74,3.4
2022,175,28.242,20.8,26.5,11.6,0.0,64,1.9
2022,176,28.278000000000002,23.8,28.9,15.6,0.0,60,1.9
2022,177,28.404,23.2,28.6,15.6,0.0,62,1.9
2022,178,26.928,24.9,29.1,16.4,7.7,58,1.9
2022,179,23.839000000000002,20.0,27.3,15.8,1.5,62,3.3
2022,180,28.678,20.4,25.7,15.6,0.0,53,2.2
2022,181,29.009,21.2,28.2,11.6,0.0,57,1.0
2022,182,28.217000000000002,23.8,30.3,14.0,0.0,57,1.5
2022,183,23.587,23.9,29.5,17.4,0.0,61,1.9
2022,184,23.432000000000002,21.9,26.2,17.6,6.7,71,1.7
2022,185,28.166,21.2,26.1,16.5,0.0,58,1.6
2022,186,22.0,18.8,24.2,13.8,0.1,67,3.6
2022,187,23.864,16.7,20.7,13.0,11.9,73,3.0
2022,188,22.504,15.9,21.5,11.0,1.2,77,3.0
2022,189,23.53,16.0,19.9,11.5,0.1,69,3.8
2022,190,15.682,15.4,20.1,11.2,5.6,83,1.4
2022,191,21.546,17.4,21.7,12.2,0.0,78,1.9
2022,192,20.596,18.5,21.9,14.8,0.0,80,2.1
2022,193,20.3,19.5,23.6,16.4,0.3,83,2.7
2022,194,15.203000000000001,19.7,23.7,17.2,3.9,86,2.1
2022,195,20.203,18.4,22.4,16.2,1.0,74,2.9
2022,196,23.674,16.1,19.9,13.0,0.0,69,2.7
2022,197,19.948,15.1,18.9,11.3,12.5,75,2.3
2022,198,11.624,14.5,17.7,12.4,7.3,85,2.3
2022,199,18.958000000000002,14.7,18.5,12.0,0.0,76,2.5
2022,200,16.538,14.8,19.2,10.4,0.2,76,2.8
2022,201,26.244,17.7,23.0,11.1,0.0,66,4.3
2022,202,25.153000000000002,20.2,26.6,11.5,0.0,67,1.6
2022,203,22.126,21.7,25.7,15.8,15.9,73,2.2
2022,204,9.259,15.5,21.7,14.2,14.2,92,2.4
2022,205,13.201,17.0,21.8,11.7,0.0,75,1.9
2022,206,22.928,18.7,24.1,10.5,0.6,67,1.8
2022,207,8.24,20.2,23.6,16.8,0.2,73,3.7
2022,208,18.698,18.8,21.4,15.9,0.1,70,3.9
2022,209,9.814,15.9,18.4,14.4,0.6,79,2.7
2022,210,9.054,14.2,17.2,12.4,4.2,87,3.9
2022,211,7.783,11.6,14.3,10.9,9.2,91,3.3
2022,212,14.27,14.1,19.1,10.5,0.1,86,2.4
2022,213,23.526,18.0,23.7,10.4,0.0,73,1.7
2022,214,18.288,17.3,22.1,12.2,0.6,79,2.2
2022,215,18.176000000000002,16.5,22.3,9.6,0.4,66,2.9
2022,216,18.302,20.1,24.9,15.3,0.2,77,3.2
2022,217,21.006,22.5,27.8,15.8,0.1,64,3.5
2022,218,16.175,18.9,23.9,17.4,12.2,73,4.4
2022,219,18.335,14.4,17.9,10.8,0.0,68,5.3
2022,220,21.301000000000002,13.8,18.8,8.7,0.0,74,2.3
2022,221,22.097,14.1,21.0,7.2,0.0,73,1.2
2022,222,18.576,17.1,21.9,8.4,0.0,71,2.9
2022,223,17.294,18.6,22.3,15.1,0.1,74,4.9
2022,224,16.952,15.6,20.3,12.5,0.0,73,3.5
2022,225,21.028,14.8,20.8,6.5,0.0,67,1.5
2022,226,20.279,18.9,25.2,12.9,0.0,68,1.7
2022,227,19.796,20.2,26.8,12.5,0.0,64,1.9
2022,228,19.778,21.8,28.6,13.6,0.1,70,1.9
2022,229,19.022000000000002,22.6,28.5,17.4,5.0,75,2.5
2022,230,14.958,20.8,24.0,18.3,0.6,86,2.0
2022,231,18.04,23.6,29.0,18.0,0.0,75,2.6
2022,232,18.990000000000002,23.2,27.4,19.0,0.0,63,3.3
2022,233,18.806,19.7,23.3,17.3,0.0,68,3.7
2022,234,10.476,16.9,20.5,14.8,6.9,90,2.1
2022,235,17.989,15.4,19.8,8.0,3.5,87,1.3
2022,236,6.494,16.0,17.5,15.1,33.9,96,2.7
2022,237,16.632,14.6,20.0,11.9,0.1,82,3.2
2022,238,18.036,15.0,22.2,8.1,0.0,79,1.2
2022,239,10.076,16.9,20.7,10.8,1.1,81,1.8
2022,240,9.612,15.4,18.2,13.3,1.3,87,1.9
2022,241,17.266000000000002,13.5,18.7,10.1,0.0,72,2.8
2022,242,14.321,10.8,15.2,8.3,0.0,72,4.0
2022,243,10.746,9.0,12.2,6.7,0.3,73,4.5
2022,244,14.17,8.6,12.1,6.1,0.0,70,5.1
2022,245,12.708,8.0,11.6,5.1,0.0,74,4.4
2022,246,5.605,8.0,11.3,5.4,1.5,84,4.4
2022,247,7.924,7.8,10.2,6.4,0.0,76,3.7
2022,248,9.151,9.3,12.9,5.8,0.0,73,2.8
2022,249,10.393,8.9,12.3,5.3,0.0,83,3.0
2022,250,10.897,6.6,10.3,4.1,0.0,79,2.8
2022,251,5.76,5.8,11.4,0.7,0.1,79,1.4
2022,252,13.399000000000001,8.2,13.6,0.4,0.0,78,1.9
2022,253,12.532,10.0,14.6,6.8,0.0,76,1.6
2022,254,6.372,10.2,13.1,5.9,0.0,81,1.4
2022,255,5.857,12.0,15.3,8.6,0.0,76,2.2
2022,256,5.551,11.1,13.2,7.8,0.9,82,2.9
2022,257,9.108,12.1,14.8,10.7,0.7,83,3.7
2022,258,4.4350000000000005,10.9,12.0,9.8,12.6,92,3.7
2022,259,4.878,11.3,14.3,10.0,1.9,91,2.6
2022,260,5.8100000000000005,10.3,13.0,8.4,0.1,91,1.6
2022,261,6.44,10.1,14.3,6.8,1.3,91,1.0
2022,262,4.158,10.3,13.1,6.5,0.0,88,3.6
2022,263,5.202,8.8,10.8,7.8,0.0,81,4.7
2022,264,8.248,6.3,10.4,2.4,0.0,76,1.7
2022,265,6.66,4.7,10.5,-0.6,0.0,89,1.5
2022,266,10.447000000000001,5.7,12.5,0.2,0.0,84,1.5
2022,267,9.284,6.0,11.8,2.1,0.0,87,1.2
2022,268,5.245,5.8,9.1,1.6,0.6,86,2.3
2022,269,3.3120000000000003,8.2,11.1,5.9,0.0,90,2.6
2022,270,4.788,7.1,9.1,4.9,0.6,98,1.1
2022,271,3.11,7.8,9.2,6.7,0.0,90,2.5
2022,272,3.024,5.3,8.2,3.7,0.5,86,3.5
2022,273,2.938,5.1,6.8,3.4,0.1,89,1.8
2022,274,5.724,7.5,9.7,4.8,2.0,84,2.1
2022,275,6.761,7.9,10.1,5.5,0.0,90,1.7
2022,276,3.92,6.5,8.5,4.0,0.0,86,2.2
2022,277,2.603,5.6,6.9,4.8,3.9,91,3.0
2022,278,2.617,6.9,9.0,3.8,7.6,96,2.5
2022,279,2.441,10.5,12.7,8.1,5.0,92,4.9
2022,280,5.051,10.2,12.5,7.3,3.5,80,5.4
2022,281,2.567,10.0,12.0,8.1,4.7,90,4.6
2022,282,2.747,6.8,9.4,5.0,0.0,78,4.6
2022,283,2.369,8.6,12.1,4.3,0.0,82,3.8
2022,284,2.149,8.4,10.1,6.7,4.8,85,4.5
2022,285,2.902,5.3,8.3,3.1,0.0,84,3.8
2022,286,2.945,6.0,9.6,-0.1,0.0,88,3.3
2022,287,1.9080000000000001,9.4,11.5,8.4,0.1,87,3.2
2022,288,1.8860000000000001,9.3,10.2,7.4,1.3,93,3.1
2022,289,1.786,10.3,11.0,9.3,8.1,94,3.7
2022,290,3.024,6.9,11.0,5.2,0.0,88,4.3
2022,291,1.735,4.5,6.2,3.1,1.7,88,3.6
2022,292,3.719,1.6,4.1,-1.0,0.0,90,3.1
2022,293,4.208,2.2,4.4,0.0,0.0,96,2.1
2022,294,3.467,3.3,5.1,1.0,0.8,90,2.1
2022,295,1.606,5.8,7.3,2.9,0.0,85,4.2
2022,296,4.486,3.9,7.2,1.4,0.0,79,4.5
2022,297,4.183,0.1,3.8,-3.2,0.0,82,2.8
2022,298,3.067,-1.5,0.9,-5.3,0.4,96,2.6
2022,299,1.242,3.4,4.6,0.6,1.3,98,2.7
2022,300,1.224,4.2,4.7,3.7,7.4,97,2.6
2022,301,1.181,7.0,8.5,4.5,0.0,94,3.0
2022,302,1.084,7.6,10.9,5.8,4.1,91,5.8
2022,303,3.366,1.4,6.1,-0.1,0.0,70,6.7
2022,304,2.984,0.7,4.2,-3.7,5.9,86,2.3
2022,305,0.965,3.8,5.6,1.8,0.1,96,2.8
2022,306,0.961,1.9,3.1,0.3,0.0,99,1.3
2022,307,0.907,3.7,4.2,2.9,0.9,93,2.6
2022,308,0.86,4.3,5.0,4.0,0.4,97,2.2
2022,309,0.965,0.4,4.0,-1.4,2.3,91,3.4
2022,310,0.788,2.3,5.3,-1.1,5.4,96,3.9
2022,311,0.8240000000000001,6.8,8.0,5.2,7.4,96,2.7
2022,312,0.6950000000000001,3.2,6.5,0.7,0.5,97,3.2
2022,313,1.202,-0.7,1.0,-1.9,7.6,95,2.0
2022,314,0.641,5.6,8.5,-0.4,1.5,97,2.8
2022,315,0.601,7.5,9.6,6.0,10.1,91,4.9
2022,316,1.296,7.9,10.3,6.1,0.0,79,7.9
2022,317,0.796,2.2,7.2,-0.1,0.0,87,3.2
2022,318,0.536,1.0,2.2,-1.7,8.7,99,2.1
2022,319,0.518,-0.9,2.1,-1.8,0.1,94,3.2
2022,320,0.493,-2.5,-1.6,-4.1,0.0,94,3.0
2022,321,0.72,-2.1,-1.2,-3.2,0.0,94,2.0
2022,322,0.439,-3.7,-1.7,-4.9,0.1,93,2.4
2022,323,1.116,-3.5,-2.2,-4.6,0.0,90,3.1
2022,324,1.192,-5.9,-3.4,-8.6,0.0,93,2.3
2022,325,0.439,-3.6,-2.7,-5.9,0.0,86,2.0
2022,326,0.482,-4.8,-3.6,-5.4,0.0,85,2.5
2022,327,0.659,-6.9,-4.9,-8.9,0.0,87,3.1
2022,328,0.41000000000000003,-6.4,-4.5,-7.9,0.0,88,2.9
2022,329,0.306,-5.5,-3.7,-8.8,0.0,93,3.2
2022,330,0.27,-4.1,-3.2,-6.1,0.0,93,3.3
2022,331,0.27,-4.5,-2.9,-5.4,0.0,93,3.0
2022,332,0.234,-2.8,-1.4,-5.0,0.0,94,2.6
2022,333,0.31,-1.9,-0.9,-3.2,0.7,93,2.3
2022,334,0.212,-2.2,-1.2,-2.5,3.3,94,2.2
2022,335,0.212,-2.5,-1.9,-3.2,0.0,95,1.1
2022,336,0.198,-3.7,-2.7,-4.9,0.0,97,1.7
2022,337,0.23,-4.8,-4.0,-5.2,0.9,92,2.5
2022,338,0.191,-5.3,-4.4,-5.9,0.0,93,1.2
2022,339,0.202,-5.3,-4.1,-7.3,0.5,90,3.0
2022,340,0.166,-2.2,-1.3,-5.2,1.2,91,3.7
2022,341,0.155,-2.2,-1.1,-4.2,3.1,94,2.7
2022,342,0.151,-5.1,-3.7,-6.1,2.9,88,3.8
2022,343,0.151,-6.6,-5.5,-8.2,1.1,91,2.0
2022,344,0.14400000000000002,-4.6,-2.8,-6.8,2.4,91,3.5
2022,345,0.248,-7.3,-3.5,-10.4,0.0,85,3.7
2022,346,0.41400000000000003,-12.6,-9.5,-15.2,1.6,81,4.8
2022,347,0.126,-9.1,-7.7,-10.7,1.9,86,3.7
2022,348,0.194,-11.4,-5.8,-17.5,0.0,88,2.1
2022,349,0.374,-14.1,-11.2,-17.0,0.0,87,2.5
2022,350,0.126,-8.4,-5.9,-15.1,0.0,89,2.7
2022,351,0.216,-6.7,-4.7,-9.2,1.4,89,3.4
2022,352,0.112,-3.2,-2.2,-6.3,4.1,94,3.2
2022,353,0.11900000000000001,-4.5,0.3,-8.4,0.0,91,3.2
2022,354,0.112,-5.8,-3.2,-11.0,6.0,93,3.0
2022,355,0.101,-2.4,-0.1,-5.0,2.2,97,2.2
2022,356,0.115,0.5,1.1,-0.2,2.9,97,3.1
2022,357,0.227,-3.9,0.9,-6.5,0.0,93,2.2
2022,358,0.122,-6.2,-4.4,-9.4,0.0,90,3.6
2022,359,0.0,-3.9,-3.2,-8.7,0.0,87,4.5
2022,360,0.0,-8.4,-3.7,-10.6,0.0,91,3.4
2022,361,0.122,-6.1,-4.6,-10.1,3.8,88,4.7
2022,362,0.122,-3.4,-2.0,-5.9,0.3,92,2.9
2022,363,0.133,-3.5,-1.9,-4.9,2.2,86,3.8
2022,364,0.122,-1.5,-0.9,-3.9,4.1,95,4.3
2022,365,0.126,1.6,2.7,-1.0,3.3,95,4.9
2023,1,0.432,-0.8,3.3,-2.8,0.0,85,6.5
